代码,名称
920178,N锐翔
001393,N维通利
688549,中巨芯-U
688697,纽威数控
300263,隆华科技
301696,三瑞智能
300878,维康药业
300721,怡达股份
301081,严牌股份
300276,三丰智能
688820,盛合晶微
688143,长盈通
920100,三协电机
688507,索辰科技
688535,华海诚科
688017,绿的谐波
688700,东威科技
688409,富创精密
301538,骏鼎达
300508,维宏股份
301118,恒光股份
300083,创世纪
300274,阳光电源
920156,海昌智能
688662,富信科技
688320,禾川科技
300161,华中数控
920011,晨光电机
301596,瑞迪智驱
920177,恒道科技
688012,中微公司
300247,融捷健康
300100,双林股份
300959,线上线下
300632,光莆股份
301413,安培龙
300809,华辰装备
920981,晶赛科技
301297,富乐德
688107,安路科技
601996,丰林集团
600386,北巴传媒
300567,精测电子
603363,傲农生物
600578,京能电力
603390,通达电气
601678,滨化股份
603310,巍华新材
603333,尚纬股份
600088,中视传媒
002196,方正电机
600081,东风科技
603767,中马传动
002395,双象股份
002348,高乐股份
002407,多氟多
603677,奇精机械
002979,雷赛智能
002971,和远气体
603386,骏亚科技
001333,光华股份
603040,新坐标
603082,北自科技
600784,鲁银投资
003018,金富科技
603370,华新精科
002181,粤 传 媒
002066,瑞泰科技
605099,共创草坪
603078,江化微
001259,利仁科技
002915,中欣氟材
601991,大唐发电
002729,好利科技
603248,锡华科技
600510,黑牡丹
603278,大业股份
603697,XD有友食
601133,柏诚股份
603505,金石资源
002892,科力尔
603598,引力传媒
603520,司太立
603779,威龙股份
002918,蒙娜丽莎
002031,巨轮智能
002421,达实智能
002374,中锐股份
002164,宁波东力
603667,五洲新春
688698,伟创电气
301377,鼎泰高科
002445,中南文化
920593,鼎智科技
301171,易点天下
300651,金陵体育
002380,科远智慧
688478,晶升股份
920699,海达尔
301529,福赛科技
688112,鼎阳科技
920510,丰光精密
300820,英杰电气
603416,信捷电气
688160,XD步科股
300995,奇德新材
002886,沃特股份
301486,致尚科技
600130,波导股份
688601,力芯微
920665,科强股份
003019,宸展光电
300905,宝丽迪
300831,派瑞股份
301502,华阳智能
301317,鑫磊股份
301261,恒工精密
002940,昂利康
301488,豪恩汽电
920002,万达轴承
688130,晶华微
605178,时空科技
301666,大普微-UW
603897,长城科技
300024,机器人
301000,肇民科技
300323,华灿光电
688072,拓荆科技
603115,海星股份
601689,拓普集团
688558,国盛智科
000695,滨海能源
605128,上海沿浦
688037,芯源微
688633,星球石墨
603739,蔚蓝生物
600201,生物股份
002747,埃斯顿
002929,润建股份
300107,建新股份
301029,怡合达
605299,舒华体育
603978,深圳新星
002326,永太科技
600584,长电科技
603178,圣龙股份
300893,松原安全
301587,中瑞股份
688808,联讯仪器
688268,华特气体
688120,华海清科
301024,霍普股份
300403,汉宇集团
301095,广立微
688305,科德数控
688301,奕瑞科技
600078,澄星股份
002531,天顺风能
301028,鼎熔岩
688181,八亿时空
688129,东来技术
688605,先锋精科
603757,大元泵业
300007,汉威科技
003021,兆威机电
000839,国安股份
688809,强一股份
603217,元利科技
300907,康平科技
688500,慧辰股份
688003,天准科技
920015,锦华新材
300278,华昌达
301319,唯特偶
601100,恒立液压
002786,银宝山新
600246,万通发展
920578,巨能股份
920471,美邦科技
301550,斯菱智驱
603320,迪贝电气
920124,南特科技
001380,华纬科技
301022,海泰科
688652,京仪装备
002489,浙江永强
000863,三湘印象
002484,江海股份
920526,凯华材料
603662,柯力传感
000700,模塑科技
300801,泰和科技
300955,嘉亨家化
002888,惠威科技
688108,赛诺医疗
300433,蓝思科技
300983,尤安设计
300488,恒锋工具
300660,江苏雷利
000559,万向钱潮
002174,游族网络
300429,强力新材
688548,广钢气体
300354,东华测试
300912,凯龙高科
920183,海菲曼
300832,新产业
688759,必贝特-U
688165,埃夫特-U
603081,大丰实业
600626,申达股份
688025,杰普特
920378,泰德股份
301590,优优绿能
601177,杭齿前进
000620,盈新发展
603090,宏盛股份
001266,宏英智能
300666,江丰电子
300607,拓斯达
301365,矩阵股份
300258,精锻科技
301368,丰立智能
300421,力星股份
601799,星宇股份
300838,浙江力诺
603986,兆易创新
688291,金橙子
603119,DR浙江荣
300159,*ST新研
688306,均普智能
920055,隆源股份
002050,三花智控
603127,昭衍新药
603407,C长裕
920066,科拜尔
603638,艾迪精密
603728,鸣志电器
603486,科沃斯
300969,恒帅股份
000782,恒申新材
300778,新城市
000826,*ST启环
603037,凯众股份
300981,中红医疗
300622,博士眼镜
603931,格林达
300154,瑞凌股份
301611,珂玛科技
300992,泰福泵业
300228,富瑞特装
300691,联合光电
603699,纽威股份
688168,安博通
601882,海天精工
301387,光大同创
600568,ST中珠
603337,杰克科技
301069,凯盛新材
300885,海昌新材
002889,东方嘉盛
603378,*ST亚士
002514,*ST宝馨
688222,成都先导
600289,ST信通
000608,*ST阳光
603008,ST喜临门
002856,*ST美芝
002581,*ST未名
603559,ST通脉
603389,*ST亚振
000669,ST金鸿
688785,恒运昌
000668,*ST荣控
002249,大洋电机
300259,新天科技
000595,*ST宝实
002474,榕基软件
002207,*ST准油
603179,新泉股份
002175,*ST东智
600592,龙溪股份
605555,德昌股份
600381,*ST春天
688716,中研股份
603400,华之杰
301076,新瀚新材
603738,泰晶科技
688169,石头科技
002371,北方华创
600400,红豆股份
300946,恒而达
000518,*ST四环
301030,*ST仕净
000697,炼石航空
002208,合肥城建
603722,阿科力
688162,巨一科技
688322,奥比中光-W
688777,中控技术
000887,中鼎股份
688686,XD奥普特
003033,征和工业
300689,澄天伟业
688585,上纬新材
301246,宏源药业
600396,华电辽能
600158,中体产业
002527,新时达
002952,亚世光电
301225,恒勃股份
002637,赞宇科技
002510,天汽模
688255,凯尔达
301125,腾亚精工
002150,正泰电源
920533,骏创科技
300680,隆盛科技
002034,旺能环境
300652,雷迪克
600433,冠豪高新
300952,恒辉安防
301008,宏昌科技
688071,华依科技
600903,贵州燃气
605336,*ST帅电
601101,昊华能源
601898,中煤能源
000833,粤桂股份
688619,罗普特
605298,必得科技
002159,三特索道
002403,爱仕达
002472,双环传动
300825,阿尔特
002406,远东传动
300648,星云股份
002058,*ST威尔
002291,遥望科技
300201,海伦哲
920418,苏轴股份
002643,万润股份
002547,*ST春兴
000767,晋控电力
601001,晋控煤业
300328,宜安科技
603166,福达股份
603009,北特科技
301128,强瑞技术
301591,肯特股份
300115,长盈精密
300081,ST恒信
301376,致欧科技
000551,创元科技
688529,豪森智能
300560,中富通
603080,新疆火炬
920263,中航泰达
000910,大亚圣象
300497,富祥股份
603344,星德胜
002698,博实股份
920489,佳先股份
600699,均胜电子
688545,兴福电子
600188,兖矿能源
300733,西菱动力
301031,中熔电气
603226,菲林格尔
002301,齐心集团
300927,江天化学
301023,奕帆传动
000837,秦川机床
301598,博科测试
300503,昊志机电
301137,哈焊华通
688596,正帆科技
300128,锦富技术
301007,德迈仕
001306,夏厦精密
688147,微导纳米
001331,胜通能源
603517,ST绝味
920690,捷众科技
688115,思林杰
301336,趣睡科技
600580,卧龙电驱
002896,中大力德
600160,巨化股份
300124,汇川技术
300582,英飞特
603350,安乃达
002878,元隆雅图
688639,华恒生物
600610,中毅达
300237,ST美晨
000010,*ST美丽
603933,睿能科技
688816,易思维
603680,今创集团
688448,磁谷科技
000921,海信家电
688486,龙迅股份
301189,奥尼电子
600835,上海机电
688200,华峰测控
002297,博云新材
002068,黑猫股份
301061,匠心家居
920118,太湖远大
600256,广汇能源
002165,红 宝 丽
002658,雪迪龙
603163,圣晖集成
688231,隆达股份
688360,德马科技
002648,卫星化学
603758,秦安股份
920021,流金科技
600698,湖南天雁
603915,国茂股份
002709,天赐材料
605069,正和生态
002191,劲嘉股份
688114,华大智造
300199,翰宇药业
301683,慧谷新材
603338,浙江鼎力
603595,ST东尼
688046,药康生物
300103,达刚控股
603859,能科科技
688277,天智航-U
002426,胜利精密
301182,凯旺科技
603583,捷昌驱动
603197,保隆科技
300785,值得买
603172,万丰股份
002602,世纪华通
603876,鼎胜新材
600935,华塑股份
601566,九牧王
688623,双元科技
002664,信质集团
301169,零点有数
688610,埃科光电
688411,海博思创
688722,同益中
688376,美埃科技
600367,红星发展
603108,润达医疗
301599,理奇智能
688290,景业智能
920200,振宏股份
603026,石大胜华
301255,通力科技
603809,豪能股份
300848,美瑞新材
600577,精达股份
002011,盾安环境
002600,领益智造
301222,浙江恒威
601126,四方股份
600560,金自天正
002965,祥鑫科技
603015,弘讯科技
300233,金城医药
603041,美思德
603076,乐惠国际
300718,长盛轴承
600152,维科技术
000029,深深房Ａ
688787,海天瑞声
603790,雅运股份
601137,博威合金
300909,汇创达
603272,*ST联翔
002158,汉钟精机
603926,铁流股份
300876,蒙泰高新
003030,祖名股份
301199,迈赫股份
600006,东风股份
300225,*ST金泰
603227,雪峰科技
003017,大洋生物
300031,宝通科技
688146,中船特气
603319,美湖股份
603239,浙江仙通
920168,通宝光电
300331,苏大维格
000591,太阳能
603579,荣泰健康
920227,美登科技
920036,觅睿科技
301105,鸿铭股份
300984,金沃股份
300654,世纪天鸿
600382,广东明珠
600743,华远控股
000691,*ST亚太
688283,坤恒顺维
003028,振邦智能
002335,科华数据
600730,*ST高科
301510,固高科技
603305,旭升集团
603997,继峰股份
300264,佳创视讯
688188,柏楚电子
002795,永和智控
600917,重庆燃气
301288,清研环境
300576,容大感光
000831,中国稀土
688689,银河微电
688199,久日新材
301112,信邦智能
301218,华是科技
001256,炜冈科技
300565,科信技术
300978,东箭科技
002520,日发精机
002801,微光股份
300200,高盟新材
300191,潜能恒信
300649,杭州园林
600075,新疆天业
603125,常青科技
002347,泰尔股份
688729,屹唐股份
688314,康拓医疗
300776,帝尔激光
603331,百达精工
300818,耐普矿机
000615,*ST美谷
002906,华阳集团
300190,维尔利
301013,利和兴
600962,国投中鲁
603636,南威软件
600619,海立股份
688355,明志科技
300066,三川智慧
600984,建设机械
603270,金帝股份
600618,氯碱化工
001332,锡装股份
301210,金杨精密
300821,东岳硅材
688531,日联科技
688793,倍轻松
603489,八方股份
603869,ST智知
301421,波长光电
920402,硅烷科技
300302,同有科技
301516,中远通
003013,地铁设计
603269,海鸥股份
300442,润泽科技
002072,凯瑞德
000802,北京文化
300816,艾可蓝
300065,海兰信
300222,科大智能
301656,联合动力
688609,九联科技
920158,长江能科
603949,雪龙集团
605333,沪光股份
301356,天振股份
301658,首航新能
000908,ST景峰
600243,*ST海华
001210,金房能源
000628,高新发展
603895,天永智能
605288,凯迪股份
301600,慧翰股份
300236,上海新阳
920906,舜宇精工
300644,南京聚隆
688757,胜科纳米
603116,红蜻蜓
605055,迎丰股份
920810,春光智能
600376,首开股份
300343,ST联创
688113,联测科技
603373,安邦护卫
002693,*ST双成
002611,东方精工
920088,科力股份
301310,鑫宏业
300817,双飞集团
300918,南山智尚
300061,旗天科技
603726,朗迪集团
688061,灿瑞科技
300580,贝斯特
605488,福莱新材
301361,众智科技
920191,瑞尔竞达
002871,伟隆股份
603039,泛微网络
301110,青木科技
603663,三祥新材
002209,达 意 隆
603786,科博达
002931,锋龙股份
300539,横河精密
002630,*ST华西
002765,蓝黛科技
600337,ST美克
603901,永创智能
000573,粤宏远Ａ
301280,珠城科技
002816,*ST和科
301046,能辉科技
002576,通达动力
001211,双枪科技
600546,山煤国际
300076,*ST宁视
301186,超达装备
300432,富临精工
300961,深水海纳
603610,麒盛科技
301042,安联锐视
603928,兴业股份
601330,绿色动力
603379,三美股份
300123,ST亚光
300466,赛摩智能
300812,易天股份
002565,顺灏股份
600335,国机汽车
003025,思进智能
603092,德力佳
002119,康强电子
002825,纳尔股份
603013,亚普股份
300610,晨化股份
688279,峰岹科技
600563,法拉电子
603173,福斯达
688499,利元亨
300748,金力永磁
600844,金煤科技
603266,天龙股份
603006,联明股份
002009,天奇股份
688215,瑞晟智能
603275,众辰科技
000672,上峰水泥
002271,东方雨虹
300786,国林科技
603129,春风动力
601857,中国石油
002424,ST百灵
002327,富安娜
601699,潞安环能
300864,南大环境
688710,益诺思
603219,富佳股份
301003,江苏博云
605189,富春染织
001279,强邦新材
603982,泉峰汽车
300938,信测标准
300445,康斯特
002334,英威腾
300353,东土科技
301121,紫建电子
003043,华亚智能
600080,ST金花
300611,美力科技
605018,长华集团
601225,陕西煤业
002434,万里扬
688219,会通股份
600143,金发科技
300415,伊之密
300575,中旗股份
300655,晶瑞电材
603155,新亚强
300063,天龙集团
300484,蓝海华腾
603301,振德医疗
300472,*ST新元
688308,欧科亿
002243,力合科创
002883,*ST中设
920108,宏海科技
603990,麦迪科技
688617,惠泰医疗
688019,安集科技
002006,精工科技
001326,联域股份
605167,利柏特
002823,凯中精密
300681,英搏尔
301398,星源卓镁
300440,运达科技
300827,上能电气
001215,千味央厨
002759,天际股份
603220,中贝通信
603203,快克智能
688392,骄成超声
920247,华密新材
002067,景兴纸业
301667,纳百川
688577,浙海德曼
002048,宁波华翔
001319,铭科精技
301313,凡拓数创
300461,田中精机
300049,福瑞医科
603985,恒润股份
301309,万得凯
002562,兄弟科技
002938,鹏鼎控股
603190,亚通精工
301513,尚水智能
300709,精研科技
300375,鹏翎股份
688377,迪威尔
000681,视觉中国
920270,天铭科技
300198,*ST纳川
301216,万凯新材
000678,襄阳轴承
600936,北投科技
300661,圣邦股份
920001,纬达光电
603028,赛福天
300394,天孚通信
920188,悦龙科技
603229,奥翔药业
002109,ST兴化
002927,泰永长征
920180,爱得科技
000410,沈阳机床
605166,聚合顺
688678,福立旺
002457,青龙管业
002293,罗莱生活
001282,三联锻造
603018,华设集团
000953,河化股份
301459,丰茂股份
300953,震裕科技
605088,冠盛股份
688419,耐科装备
002584,西陇科学
600853,龙建股份
300536,农尚环境
688167,炬光科技
688036,传音控股
920078,族兴新材
603511,爱慕股份
600791,京能置业
003001,中岩大地
688365,光云科技
001207,联科科技
301161,唯万密封
688018,乐鑫科技
300643,万通智控
001283,豪鹏科技
920896,旺成科技
603035,常熟汽饰
688218,江苏北人
300293,蓝英装备
603992,松霖科技
002184,海得控制
605303,园林股份
605177,东亚药业
300695,兆丰股份
300460,ST惠伦
600733,北汽蓝谷
002354,天娱数科
301487,盟固利
688229,博睿数据
000913,钱江摩托
301235,华康洁净
002298,中电鑫龙
300550,和仁科技
300211,*ST亿通
300127,银河磁体
300346,南大光电
003032,*ST传智
688116,天奈科技
001268,联合精密
002799,环球印务
301555,惠柏新材
002482,广田集团
301295,美硕科技
688512,慧智微-U
002529,*ST海源
301260,格力博
688150,莱特光电
003026,中晶科技
603798,康普顿
002712,思美传媒
301160,翔楼新材
300062,中能电气
002533,金杯电工
002470,金正大
603601,再升科技
920870,恒进感应
301220,亚香股份
688380,中微半导
603586,金麒麟
300506,ST名家汇
300613,富瀚微
300058,蓝色光标
920491,奥迪威
002768,国恩股份
301575,艾芬达
002656,*ST摩登
000523,红棉股份
605080,浙江自然
603912,佳力图
688557,兰剑智能
002785,万里石
688811,有研复材
688226,威腾电气
002139,拓邦股份
300834,星辉环材
688727,恒坤新材
603181,皇马科技
603819,神力股份
603109,神驰机电
688266,泽璟制药-U
920035,精创电气
603062,XD麦加芯
002612,朗姿股份
300866,安克创新
603120,肯特催化
301306,西测测试
601918,新集能源
301192,泰祥股份
300041,回天新材
603324,盛剑科技
300679,电连技术
688361,中科飞测
600971,恒源煤电
920050,爱舍伦
920839,万通液压
603650,彤程新材
002980,华盛昌
002496,*ST辉丰
603706,东方环宇
600123,兰花科创
688139,海尔生物
300004,南风股份
002919,名臣健康
000338,潍柴动力
600985,淮北矿业
300052,中青宝
300175,ST朗源
600749,西藏旅游
301525,儒竞科技
002920,德赛西威
300441,鲍斯股份
603231,索宝蛋白
002995,天地在线
301200,大族数控
002044,美年健康
002253,*ST智胜
600415,小商品城
300921,南凌科技
301469,恒达新材
920076,国亮新材
301577,美信科技
001336,楚环科技
688052,纳芯微
002357,富临运业
301123,奕东电子
002400,省广集团
603988,中电电机
603721,*ST天择
600060,海信视像
603500,祥和实业
688131,皓元医药
688386,泛亚微透
605319,无锡振华
300591,万里马
600576,祥源文旅
603518,锦泓集团
688679,通源环境
300290,荣科科技
300690,双一科技
002026,山东威达
300993,玉马科技
603488,展鹏科技
300549,优德精密
300017,网宿科技
000962,东方钽业
300479,神思电子
300904,威力传动
920061,西磁科技
301148,嘉戎技术
688319,欧林生物
600055,万东医疗
300781,因赛集团
688258,卓易信息
600875,东方电气
920274,宏裕包材
300895,铜牛信息
688721,龙图光罩
600892,*ST大晟
301226,祥明智能
300578,会畅科技
300434,金石亚药
603439,三力制药
001228,永泰运
605186,健麾信息
600933,爱柯迪
605389,长龄液压
301269,华大九天
600358,国旅联合
002553,南方精工
300596,利安隆
001226,拓山重工
603365,水星家纺
301004,嘉益股份
688627,精智达
300836,佰奥智能
301551,无线传媒
002719,ST麦趣
002121,科陆电子
002850,科达利
600215,派斯林
301149,隆华新材
300217,东方电热
301311,昆船智能
600629,华建集团
000659,珠海中富
301119,正强股份
300738,奥飞数据
002597,金禾实业
605376,博迁新材
300692,中赋科技
002248,华东数控
300486,东杰智能
920961,创远信科
600480,凌云股份
300860,锋尚文化
300976,达瑞电子
605566,福莱蒽特
603466,风语筑
301107,瑜欣电子
920056,能之光
002448,中原内配
301292,海科新源
300916,朗特智能
688533,上声电子
002195,岩山科技
605500,森林包装
300703,创源股份
600423,*ST柳化
603877,太平鸟
001212,中旗新材
689009,九号公司-WD
688646,ST逸飞
603587,地素时尚
000422,湖北宜化
000981,山子高科
688615,合合信息
300533,冰川网络
300376,易事特
300988,津荣天宇
301187,欧圣电气
920779,武汉蓝电
603199,九华旅游
920022,世昌股份
301518,长华化学
603293,埃泰克
300663,科蓝软件
002003,伟星股份
688665,四方光电
688106,金宏气体
603507,振江股份
301053,远信工业
920005,鼎佳精密
600027,华电国际
002442,龙星科技
300806,斯迪克
300802,矩子科技
603929,亚翔集成
920978,开特股份
301101,明月镜片
300131,英唐智控
000404,长虹华意
300339,润和软件
601006,大秦铁路
603718,*ST海利
600727,鲁北化工
688712,北芯生命
301198,喜悦智行
301138,华研精机
002963,豪尔赛
301616,浙江华业
688216,气派科技
920946,森萱医药
688353,华盛锂电
300875,捷强装备
300152,*ST动力
688628,优利德
002655,共达电声
300822,贝仕达克
000607,华媒控股
603611,诺力股份
920111,聚星科技
603533,掌阅科技
600889,*ST京化
002076,*ST星光
600960,渤海汽车
300378,鼎捷数智
688502,茂莱光学
300624,万兴科技
300545,联得装备
600938,中国海油
603061,金海通
600676,交运股份
688170,德龙激光
002064,华峰化学
002513,蓝丰生化
300602,飞荣达
002355,兴民智通
002902,铭普光磁
688367,工大高科
920663,XD明阳科
920932,科达自控
688083,中望软件
300720,海川智能
920718,合肥高科
002590,万安科技
688138,清溢光电
603023,威帝股份
301358,湖南裕能
603107,上海汽配
002441,众业达
603188,亚邦股份
600218,全柴动力
300783,三只松鼠
603903,中持股份
688526,科前生物
601088,中国神华
688690,纳微科技
605005,合兴股份
300599,雄塑科技
000893,亚钾国际
002858,力盛体育
002528,*ST英飞
002653,海思科
920187,通领科技
300101,振芯科技
301283,聚胶股份
688611,杭州柯林
688246,嘉和美康
688039,当虹科技
920000,安徽凤凰
300291,百纳千成
001696,宗申动力
688775,影石创新
601728,中国电信
605399,晨光新材
300815,玉禾田
301316,慧博云通
600977,中国电影
300573,兴齐眼药
301378,通达海
002586,ST围海
601985,中国核电
002170,芭田股份
920091,大鹏工业
300879,大叶股份
300634,彩讯股份
920121,江天科技
605339,南侨食品
002458,益生股份
688720,艾森股份
600227,赤天化
601010,ST文峰
688091,上海谊众
000552,甘肃能化
920475,三友科技
688088,虹软科技
300943,春晖智控
600178,东安动力
601969,海南矿业
301092,争光股份
002131,利欧股份
301320,豪江智能
301393,昊帆生物
600455,博通股份
603683,晶华新材
688230,芯导科技
601949,中国出版
603418,友升股份
000710,贝瑞基因
920926,鸿智科技
002766,索菱股份
002258,利尔化学
603666,亿嘉和
002315,焦点科技
603352,至信股份
601956,东贝集团
001231,农心科技
688208,XD道通科
600483,福能股份
605228,神通科技
601929,吉视传媒
603262,技源集团
002005,ST德豪
600855,航天长峰
688805,健信超导
300095,华伍股份
603393,新天然气
002599,盛通股份
920425,乐创技术
603958,哈森股份
600265,*ST景谷
603210,泰鸿万立
300137,先河环保
002361,神剑股份
300538,同益股份
688295,中复神鹰
600336,澳柯玛
301279,金道科技
603212,赛伍技术
002012,凯恩股份
600426,华鲁恒升
688612,威迈斯
301100,风光股份
603255,鼎际得
603920,世运电路
688103,国力电子
920221,易实精密
002338,奥普光电
002276,万马股份
603004,鼎龙科技
301456,盘古智能
301609,山大电力
300112,万讯自控
300046,台基股份
600722,金牛化工
600111,北方稀土
920003,中诚咨询
002083,孚日股份
301077,星华新材
688669,聚石化学
920505,九菱科技
603898,好莱客
300577,开润股份
300839,博汇股份
300381,溢多利
688981,中芯国际
603578,三星新材
301106,骏成科技
000333,美的集团
001356,富岭股份
688708,佳驰科技
920199,倍益康
001285,瑞立科密
002062,宏润建设
688235,百济神州
603068,博通集成
688550,瑞联新材
002539,云图控股
603999,读者传媒
001209,洪兴股份
300641,正丹股份
001395,亚联机械
603221,爱丽家居
600769,祥龙电业
300638,广和通
300685,艾德生物
300532,今天国际
002292,奥飞娱乐
300665,飞鹿股份
300558,贝达药业
603501,豪威集团
920080,奥美森
002689,ST远智
301563,云汉芯城
920152,昆工科技
002154,报 喜 鸟
920026,卓兆点胶
300483,首华燃气
301229,纽泰格
002836,新宏泽
002812,恩捷股份
300588,熙菱信息
002715,登云股份
688057,金达莱
688718,唯赛勃
301276,嘉曼服饰
603067,振华股份
300698,万马科技
001298,好上好
002832,比音勒芬
300422,博世科
300727,润禾材料
300507,苏奥传感
300505,川金诺
600348,华阳股份
300725,药石科技
002779,中坚科技
603277,银都股份
300537,广信材料
300706,阿石创
002029,七 匹 狼
002019,亿帆医药
300260,新莱应材
002668,TCL智家
601939,建设银行
301079,邵阳液压
600150,中国船舶
688326,经纬恒润-W
920454,同心传动
301228,实朴检测
300970,华绿生物
688668,鼎通科技
300426,华智数媒
688090,瑞松科技
000581,威孚高科
002933,新兴装备
920069,普昂医疗
002577,雷柏科技
002274,华昌化工
603838,*ST四通
300192,科德教育
002351,漫步者
301258,富士莱
300770,新媒股份
000972,*ST中基
301629,矽电股份
603613,国联股份
001217,华尔泰
002708,光洋股份
300035,中科电气
688244,永信至诚
603727,博迈科
603194,中力股份
002775,文科股份
688063,派能科技
600170,上海建工
000813,德展健康
301086,鸿富瀚
002884,凌霄泵业
603045,福达合金
300758,七彩化学
688590,新致软件
600525,ST长园
605056,咸亨国际
002467,二六三
300465,高伟达
002168,ST惠程
300014,亿纬锂能
600860,京城股份
600378,昊华科技
603020,爱普股份
002443,金洲管道
688270,ST臻镭
000830,鲁西化工
603189,*ST网达
688269,凯立新材
002692,远程股份
300311,ST任子行
600724,宁波富达
603376,大明电子
920181,赛英电子
603730,岱美股份
920185,贝特瑞
002997,瑞鹄模具
002469,三维化学
301499,维科精密
300756,金马游乐
002957,科瑞技术
920207,众诚科技
688022,ST瀚川
603668,天马科技
001301,尚太科技
920174,五新隧装
301078,孩子王
300366,ST创意
603316,诚邦股份
603596,伯特利
300307,慈星股份
301584,建发致新
002095,生 意 宝
603580,*ST艾艾
300037,新宙邦
002721,金一文化
002758,浙农股份
920957,汉维科技
603066,音飞储存
605268,王力安防
603030,全筑股份
688593,新相微
603825,ST华扬
300409,道氏技术
600333,长春燃气
300612,宣亚国际
002278,神开股份
603848,好太太
002993,奥海科技
688403,汇成股份
002117,东港股份
603967,中创物流
603711,香飘飘
000407,胜利股份
920230,欧康医药
600694,大商股份
600094,大名城
301212,联盛化学
002713,*ST东易
603223,恒通股份
300106,西部牧业
002877,智能自控
300281,金明精机
301552,科力装备
600023,浙能电力
301270,汉仪股份
920167,同享科技
603960,克来机电
300732,设研院
300313,*ST天山
000795,英洛华
300164,通源石油
688661,和林微纳
920101,志高机械
600800,渤海化学
300229,拓尔思
603100,川仪股份
300873,海晨股份
603980,吉华集团
301397,溯联股份
001368,通达创智
301059,金三江
688573,信宇人
688004,博汇科技
002887,绿茵生态
601868,中国能建
301588,美新科技
002032,苏 泊 尔
002526,山东矿机
301287,康力源
002818,富森美
002101,广东鸿图
300143,盈康生命
000429,粤高速Ａ
920679,前进科技
688755,汉邦科技
600557,康缘药业
603117,万林物流
001965,招商公路
300322,硕贝德
300662,科锐国际
920405,海希通讯
300971,博亚精工
605169,洪通燃气
000593,德龙汇能
002950,奥美医疗
300213,佳讯飞鸿
600880,博瑞传播
300840,酷特智能
688006,杭可科技
300894,火星人
002880,卫光生物
002085,万丰奥威
603619,中曼石油
920090,*ST同辉
688480,赛恩斯
300075,数字政通
688135,利扬芯片
300897,山科智能
920368,连城数控
300926,博俊科技
301173,毓恬冠佳
301090,华润材料
601825,沪农商行
920009,丹娜生物
300193,佳士科技
600793,宜宾纸业
300701,森霸传感
002669,康达新材
300011,鼎汉技术
301016,雷尔伟
600989,宝丰能源
600690,海尔智家
688737,中自科技
603005,晶方科技
600000,浦发银行
001330,博纳影业
300165,天瑞仪器
300637,扬帆新材
300428,立中集团
300467,迅游科技
300674,宇信科技
688622,*ST禾信
002246,北化股份
603686,福龙马
601279,英利汽车
002226,江南化工
000528,柳    工
002279,久其软件
300746,汉嘉数智
688530,欧莱新材
603956,威派格
601988,中国银行
301127,武汉天源
688655,迅捷兴
300797,钢研纳克
002319,乐通股份
002409,雅克科技
920014,特瑞斯
301080,百普赛斯
920190,雷神科技
002521,齐峰新材
301419,阿莱德
603053,成都燃气
301382,蜂助手
000680,山推股份
001369,双欣材料
688583,思看科技
000155,川能动力
920020,泰凯英
688519,南亚新材
301357,北方长龙
002205,国统股份
300111,向日葵
920086,科马材料
603103,横店影视
600328,中盐化工
688580,伟思医疗
603312,西典新能
688401,路维光电
688095,福昕软件
000968,蓝焰控股
600789,鲁抗医药
002516,旷达科技
603917,合力科技
920225,XD利通科
300792,壹网壹创
300470,中密控股
600986,浙文互联
605196,华通线缆
002098,浔兴股份
002386,天原股份
000803,山高环能
920685,新芝生物
300457,赢合科技
920566,梓橦宫
000869,张  裕Ａ
920008,成电光信
688598,金博股份
300707,威唐工业
688786,悦安新材
600847,万里股份
603280,南方路机
300830,金现代
688275,万润新能
920575,*ST康乐
301239,普瑞眼科
300385,ST雪浪
002091,江苏国泰
300224,正海磁材
605151,西上海
605011,杭州热电
000516,国际医学
301631,壹连科技
603395,红四方
000997,新 大 陆
300253,卫宁健康
603991,至正股份
002229,鸿博股份
001358,兴欣新材
001335,信凯科技
601718,ST际华
603073,彩蝶实业
603200,上海洗霸
603602,纵横通信
920976,视声智能
603025,XD大豪科
002265,建设工业
603099,长白山
002975,博杰股份
688536,思瑞浦
300854,中兰环保
002703,浙江世宝
301449,天溯计量
688206,概伦电子
002412,汉森制药
301567,贝隆精密
603444,吉比特
688819,天能股份
603088,宁波精达
003816,中国广核
002518,科士达
000676,智度股份
920943,优机股份
920363,莱赛激光
300585,奥联电子
301083,百胜智能
603285,键邦股份
002983,芯瑞达
300617,安靠智电
300528,幸福蓝海
603273,天元智能
300230,永利股份
920706,铁拓机械
600871,石化油服
301578,辰奕智能
603049,中策橡胶
605208,永茂泰
603626,科森科技
002935,天奥电子
603290,斯达半导
688602,康鹏科技
001230,劲旅环境
603072,天和磁材
300370,安控科技
002593,日上集团
301603,乔锋智能
300862,蓝盾光电
603380,易德龙
600536,中国软件
920249,利尔达
301665,泰禾股份
003002,壶化股份
301159,三维天地
603918,金桥信息
300406,九强生物
301592,六九一二
601606,长城军工
300418,昆仑万维
301131,聚赛龙
300357,我武生物
603193,润本股份
688620,安凯微
603508,思维列控
000736,*ST中地
002585,双星新材
688299,长阳科技
600285,羚锐制药
601216,君正集团
600997,开滦股份
920374,云里物里
920030,德众汽车
002841,视源股份
000793,*ST华闻
920119,美德乐
300948,冠中生态
601619,嘉泽新能
603032,德新科技
600763,通策医疗
002332,仙琚制药
002122,ST汇洲
002137,实益达
301262,海看股份
000599,青岛双星
920033,康普化学
002092,中泰化学
920159,农大科技
002989,中天精装
603657,春光科技
002343,慈文传媒
300098,高新兴
600556,天下秀
300187,永清环保
301155,海力风电
601011,宝泰隆
600477,杭萧钢构
600691,潞化科技
601608,中信重工
301299,卓创资讯
688728,格科微
301399,英特科技
600900,长江电力
002488,金固股份
002822,ST中装
002733,雄韬股份
605009,豪悦护理
002987,京北方
300047,天源迪科
301680,固德电材
605588,冠石科技
920834,三维装备
300320,海达股份
920720,吉冈精密
688648,中邮科技
600470,六国化工
603261,*ST立航
300677,英科医疗
300543,朗科智能
002921,联诚精密
300847,中船汉光
001225,和泰机电
002696,百洋股份
688280,精进电动-W
688249,晶合集成
300606,金太阳
920950,迅安科技
688337,普源精电
600015,华夏银行
688576,西山科技
300604,长川科技
601188,龙江交通
920564,天润科技
920110,雷特科技
600967,内蒙一机
603868,飞科电器
603286,日盈电子
300054,鼎龙股份
300749,顶固集创
001234,泰慕士
300301,ST长方
603800,洪田股份
603567,珍宝岛
002185,华天科技
605136,丽人丽妆
605168,三人行
920027,交大铁发
600679,上海凤凰
300254,仟源医药
002223,鱼跃医疗
603815,交建股份
002242,九阳股份
920239,长虹能源
688315,诺禾致源
301291,明阳电气
301177,迪阿股份
000509,华塑控股
600020,中原高速
603284,林平发展
301428,世纪恒通
603000,人民网
002787,华源控股
002830,名雕股份
600054,黄山旅游
300437,清水源
300348,长亮科技
300745,欣锐科技
002393,力生制药
300364,中文在线
600593,大连圣亚
002549,凯美特气
300556,丝路视觉
002221,东华能源
600197,伊力特
300173,ST福能
002937,兴瑞科技
920768,拾比佰
002798,帝欧水华
002166,莱茵生物
600366,宁波韵升
601727,上海电气
688567,孚能科技
300977,深圳瑞捷
603171,税友股份
603880,南卫股份
600742,富维股份
000912,泸天化
603409,汇通控股
603131,上海沪工
603180,金牌家居
605033,美邦股份
000032,深桑达Ａ
600797,浙大网新
300462,ST华铭
688571,杭华股份
300939,秋田微
603233,大参林
688509,正元地信
688252,天德钰
603161,科华控股
002687,乔治白
301020,密封科技
300071,福石控股
920160,北矿检测
688520,神州细胞
000042,中洲控股
301163,宏德股份
603969,银龙股份
300833,浩洋股份
002016,世荣兆业
300540,蜀道装备
002605,姚记科技
601816,京沪高铁
301236,软通动力
300315,掌趣科技
002215,诺 普 信
300542,新晨科技
600479,千金药业
688233,神工股份
300275,梅安森
605369,拱东医疗
301528,多浦乐
300092,科新机电
688221,前沿生物-U
002953,日丰股份
688501,青达环保
603196,璞源材料
600558,大西洋
300471,厚普股份
001312,福恩股份
300757,罗博特科
300153,科泰电源
300299,富春股份
601026,道生天合
688211,中科微至
603348,文灿股份
600573,惠泉啤酒
000880,潍柴重机
000983,山西焦煤
603339,四方科技
000159,国际实业
603325,博隆技术
300949,奥雅股份
000651,格力电器
688128,中国电研
002882,金龙羽
601038,一拖股份
301380,挖金客
301548,崇德科技
001378,德冠新材
002860,星帅尔
600007,中国国贸
300469,信息发展
002287,奇正藏药
002722,物产金轮
920866,绿亨科技
300219,鸿利智汇
002990,盛视科技
600373,中文传媒
603259,药明康德
000626,远大控股
000635,英 力 特
605358,立昂微
600756,浪潮软件
603368,柳药集团
603225,新凤鸣
002783,凯龙股份
603065,宿迁联盛
688399,硕世生物
688297,中无人机
603843,*ST正平
002685,华东重机
300561,*ST汇科
301047,义翘神州
605377,华旺科技
603813,*ST原尚
301273,瑞晨环保
603659,璞泰来
002111,威海广泰
300810,中科海讯
002900,哈三联
301102,兆讯传媒
300404,博济医药
605338,巴比食品
301581,黄山谷捷
920415,恒拓开源
300600,国瑞科技
688253,英诺特
688393,安必平
000411,英特集团
688591,泰凌微
300616,尚品宅配
688197,首药控股-U
002846,英联股份
301330,熵基科技
605589,圣泉集团
002401,中远海科
600753,*ST海钦
600216,浙江医药
300716,*ST泉为
300826,测绘股份
301066,万事利
002654,万润科技
688082,盛美上海
301509,金凯生科
688030,山石网科
600539,狮头股份
300170,汉得信息
600211,西藏药业
300829,金丹科技
603257,中国瑞林
301622,英思特
603356,华菱精工
301325,曼恩斯特
603888,新华网
002741,光华科技
603048,浙江黎明
600714,金瑞矿业
600262,北方股份
003011,海象新材
688338,赛科希德
688077,大地熊
600096,云天化
002149,西部材料
300520,科大国创
688202,美迪西
301152,天力锂能
002396,星网锐捷
300723,一品红
301315,威士顿
301087,可孚医疗
002847,盐津铺子
002881,美格智能
300700,岱勒新材
003029,吉大正元
600269,赣粤高速
600583,海油工程
300074,华平股份
600398,海澜之家
920163,方大新材
002563,森马服饰
600409,三友化工
600039,四川路桥
300824,北鼎股份
001260,坤泰股份
600011,华能国际
001216,华瓷股份
300498,温氏股份
300568,星源材质
600339,中油工程
603258,电魂网络
600136,ST明诚
002739,儒意电影
003016,欣贺股份
002105,信隆健康
000723,美锦能源
300694,蠡湖股份
688287,*ST观典
002021,中捷资源
000703,恒逸石化
603101,汇嘉时代
601369,陕鼓动力
600284,浦东建设
600281,华阳新材
300957,贝泰妮
603176,汇通集团
603235,天新药业
920781,瑞奇智造
300180,华峰超纤
600169,ST太重
600273,嘉化能源
002811,郑中设计
600195,中牧股份
002027,分众传媒
920931,无锡鼎邦
605266,健之佳
000868,安凯客车
000543,皖能电力
920942,恒立钻具
000558,天府文旅
920627,力王股份
603213,镇洋发展
600686,金龙汽车
603167,渤海轮渡
603998,方盛制药
600642,申能股份
920099,瑞华技术
300079,数码视讯
300416,苏试试验
688707,振华新材
002241,歌尔股份
002269,美邦服饰
002492,恒基达鑫
600715,文投控股
603955,大千生态
920047,诺思兰德
300110,华仁药业
002444,巨星科技
600869,远东股份
603977,国泰集团
920098,科隆新材
300094,国联水产
688032,禾迈股份
688015,交控科技
002224,三 力 士
300451,创业慧康
600582,天地科技
002790,瑞尔特
603137,恒尚节能
603121,华培动力
600523,贵航股份
601916,浙商银行
688733,壹石通
000949,新乡化纤
002537,海联金汇
600567,山鹰国际
603818,曲美家居
300072,海新能科
002256,兆新股份
002517,恺英网络
688671,碧兴物联
000966,长源电力
688631,莱斯信息
001239,永达股份
300039,上海凯宝
300043,星辉娱乐
688121,卓然股份
002238,天威视讯
300932,三友联众
301215,中汽股份
688271,联影医疗
001238,浙江正特
301366,一博科技
688379,华光新材
688259,创耀科技
688157,松井股份
605133,嵘泰股份
002422,科伦药业
603355,莱克电气
301195,北路智控
301557,常友科技
600980,北矿科技
002311,海大集团
300678,中科信息
688351,微电生理
920166,海圣医疗
920242,建邦科技
300759,康龙化成
301302,华如科技
002862,实丰文化
301535,浙江华远
301153,中科江南
301168,通灵股份
920599,同力股份
920346,威贸电子
600353,旭光电子
600079,ST人福
002633,申科股份
300298,三诺生物
300174,元力股份
300936,中英科技
603208,江山欧派
603195,公牛集团
300203,聚光科技
002595,豪迈科技
001219,青岛食品
300481,濮阳惠成
920855,浙江大农
688475,萤石网络
603298,杭叉集团
000948,南天信息
301321,翰博高新
002855,捷荣技术
301386,未来电器
605008,长鸿高科
603768,常青股份
000990,诚志股份
920807,奔朗新材
003000,劲仔食品
000712,锦龙股份
002001,新 和 成
002189,中光学
920112,巴兰仕
002895,川恒股份
688443,智翔金泰-U
300456,赛微电子
002454,松芝股份
301348,蓝箭电子
002530,金财互联
601166,兴业银行
301135,瑞德智能
920914,远航精密
688435,英方软件
002054,德美化工
600486,扬农化工
920339,恒太照明
600114,东睦股份
603839,安正时尚
603889,新澳股份
301202,朗威股份
600721,百花医药
002363,隆基机械
600012,皖通高速
301633,港迪技术
920455,汇隆活塞
688796,百奥赛图
002177,御银股份
002817,黄山胶囊
002404,嘉欣丝绸
300562,乐心医疗
300326,ST凯利
601808,中海油服
002324,普利特
002538,ST司特
002382,蓝帆医疗
301032,新柴股份
002909,集泰股份
601811,新华文轩
600886,国投电力
002493,荣盛石化
002737,葵花药业
601328,交通银行
002194,武汉凡谷
603075,热威股份
300729,乐歌股份
688176,亚虹医药-U
002652,扬子新材
601838,成都银行
300025,华星创业
600777,*ST新潮
600229,城市传媒
301063,海锅股份
002322,理工能科
301439,泓淋电力
920012,创达新材
600603,广汇物流
600919,江苏银行
002438,江苏神通
605577,龙版传媒
002614,奥佳华
000521,长虹美菱
600825,新华传媒
688302,海创药业-U
600635,大众公用
301383,天键股份
688768,容知日新
603159,上海亚虹
301501,恒鑫生活
605287,德才股份
000828,东莞控股
002772,众兴菌业
003007,直真科技
920925,锦好医疗
301096,百诚医药
603810,丰山集团
002659,凯文教育
603648,畅联股份
600795,国电电力
300145,南方泵业
688592,司南导航
600018,上港集团
300181,佐力药业
601668,中国建筑
603690,至纯科技
002802,洪汇新材
920790,联迪信息
002329,皇氏集团
000028,国药一致
688378,奥来德
003015,日久光电
001317,三羊马
300771,智莱科技
002901,大博医疗
003003,天元股份
600309,万华化学
600925,苏能股份
603192,汇得科技
920871,派特尔
603096,新经典
603112,华翔股份
300925,法本信息
920523,德瑞锂电
300559,佳发教育
603629,利通电子
920837,华原股份
600843,上工申贝
600571,信雅达
920553,凯腾精工
600650,锦江在线
920271,邦德股份
300541,先进数通
300459,汤姆猫
300676,华大基因
002755,奥赛康
600392,盛和资源
301038,深水规院
301036,双乐股份
603201,常润股份
002142,宁波银行
002543,万和电气
603906,龙蟠科技
600630,龙头股份
688109,品茗科技
301618,长联科技
600792,云煤能源
300527,ST应急
603665,康隆达
600222,太龙药业
300823,建科智能
600035,楚天高速
300056,中创环保
002366,融发核电
688670,金迪克
601098,中南传媒
000610,*ST西旅
600740,山西焦化
000698,ST沈化
002523,天桥起重
600350,山东高速
603335,迪生力
002662,峰璟股份
601015,陕西黑猫
000902,新洋丰
002819,东方中科
301277,新天地
002700,万憬能源
300272,开能健康
600794,保税科技
603327,福蓉科技
001322,箭牌家居
603087,甘李药业
603086,先达股份
920693,阿为特
688327,云从科技-UW
002077,大港股份
600461,洪城环境
002399,海普瑞
000553,安道麦A
002425,凯撒文化
301221,光庭信息
600478,科力远
601599,浙文影业
600830,香溢融通
300805,电声股份
600521,华海药业
000906,浙商中拓
688358,祥生医疗
603458,勘设股份
300284,苏交科
603036,如通股份
002282,博深股份
688010,福光股份
000026,飞亚达
002714,牧原股份
002381,双箭股份
001208,华菱线缆
603232,格尔软件
600469,风神股份
600063,皖维高新
603214,爱婴室
002127,南极电商
301097,天益医疗
600846,同济科技
002331,皖通科技
688016,心脉医疗
300162,雷曼光电
301517,陕西华达
601633,长城汽车
000301,东方盛虹
601229,上海银行
300996,普联软件
300446,航天智造
920445,龙竹科技
002718,友邦吊顶
000726,鲁  泰Ａ
300048,合康新能
688778,厦钨新能
002250,联化科技
301141,中科磁业
000530,冰山冷热
000848,承德露露
605378,野马电池
603322,超讯通信
300122,智飞生物
920057,百甲科技
301001,凯淳股份
920856,浩淼科技
600674,川投能源
688433,华曙高科
603682,锦和商管
688522,纳睿雷达
002337,赛象科技
002800,天顺股份
603055,台华新材
000545,金浦钛业
301019,宁波色母
000625,长安汽车
603089,正裕工业
600249,两面针
688059,华锐精密
603551,奥普科技
002661,克明食品
300205,*ST天喻
600410,华胜天成
000927,中国铁物
002622,皓宸医疗
301289,国缆检测
002863,今飞凯达
001202,炬申股份
002973,侨银股份
601009,南京银行
603836,海程邦达
920392,佳合科技
300413,芒果超媒
300987,川网传媒
300712,永福股份
301040,中环海陆
603976,正川股份
002917,金奥博
300340,科恒股份
002388,新亚制程
300522,世名科技
301448,开创电气
002200,*ST交投
688196,卓越新能
002827,高争民爆
002284,亚太股份
920075,柏星龙
688783,西安奕材-U
002103,广博股份
920821,则成电子
920267,鑫汇科
603506,南都物业
601169,北京银行
920651,天罡股份
300450,先导智能
002941,新疆交建
301687,新广益
600028,中国石化
002607,中公教育
000425,徐工机械
920974,凯大催化
300160,秀强股份
002043,兔 宝 宝
301300,远翔新材
301339,通行宝
600168,武汉控股
002947,恒铭达
301429,森泰股份
601900,南方传媒
301115,联检科技
002394,联发股份
300439,美康生物
603382,海阳科技
002666,德联集团
601595,上海电影
301133,金钟股份
300950,德固特
603995,甬金股份
688781,视涯科技-UW
300868,杰美特
000970,中科三环
301263,泰恩康
002572,索菲亚
688210,统联精密
688626,翔宇医疗
600036,招商银行
600661,昂立教育
300985,致远新能
002305,*ST南置
603070,万控智造
688070,纵横股份
688692,达梦数据
300512,中亚股份
001277,速达股份
601886,江河集团
300468,四方精创
600624,ST复华
002651,利君股份
920039,国义招标
000796,凯撒旅业
301606,绿联科技
000096,广聚能源
603276,恒兴新材
920792,东和新材
603566,普莱柯
002903,宇环数控
301353,普莱得
301015,百洋医药
600778,友好集团
920146,华阳变速
002219,新里程
301560,众捷汽车
300673,佩蒂股份
000034,神州数码
301211,亨迪药业
300022,吉峰科技
300845,捷安高科
603111,康尼机电
300813,泰林生物
603300,海南华铁
920407,驰诚股份
300998,宁波方正
300176,鸿特科技
001296,长江材料
603719,良品铺子
603211,晋拓股份
002373,千方科技
000570,苏常柴Ａ
688177,百奥泰
600572,康恩贝
688029,南微医学
603268,松发股份
600993,马应龙
605020,永和股份
603656,泰禾智能
688570,天玛智控
002641,公元股份
002757,南兴股份
000567,海德股份
688395,正弦电气
920208,青矩技术
003040,楚天龙
600371,万向德农
688455,科捷智能
600684,珠江股份
300780,德恩精工
300266,兴源环境
300891,惠云钛业
600231,凌钢股份
603341,龙旗科技
688173,希荻微
603600,永艺股份
603136,天目湖
600153,建发股份
603283,赛腾股份
601998,中信银行
002020,京新药业
688151,华强科技
300473,德尔股份
603528,多伦科技
603057,紫燕食品
301522,上大股份
001222,源飞宠物
600609,金杯汽车
603679,华体科技
300194,福安药业
688076,ST诺泰
300789,唐源电气
603033,三维股份
002232,启明信息
300448,浩云科技
000812,陕西金叶
603828,*ST利达
920171,志晟信息
688505,复旦张江
688420,美腾科技
300546,雄帝科技
301508,中机认检
600959,江苏有线
003008,开普检测
600587,新华医疗
688292,浩瀚深度
003010,若羽臣
688687,凯因科技
002809,红墙股份
002813,路畅科技
300244,迪安诊断
688117,圣诺生物
605368,蓝天燃气
002086,东方海洋
300399,天利科技
601921,浙版传媒
920802,保丽洁
688212,澳华内镜
300086,康芝药业
002925,盈趣科技
002828,贝肯能源
600226,亨通股份
300584,海辰药业
300096,ST易联众
600162,香江控股
002084,海鸥住工
000001,平安银行
002172,澳洋健康
920509,同惠电子
002893,京能热力
600617,国新能源
600955,维远股份
300760,迈瑞医疗
000822,山东海化
002752,昇兴股份
688459,哈铁科技
301048,金鹰重工
603113,金能科技
688325,赛微微电
002033,丽江股份
000055,方大集团
920016,中草香料
920642,通易航天
300332,天壕能源
600597,光明乳业
600391,航发科技
301052,果麦文化
920344,三元基因
603970,中农立华
300157,新锦动力
300702,天宇股份
002660,茂硕电源
605398,新炬网络
603236,移远通信
605117,德业股份
000777,中核科技
301318,维海德
301238,瑞泰新材
920427,华维设计
600941,中国移动
920198,微创光电
301170,锡南科技
600653,申华控股
301268,铭利达
603599,广信股份
688439,振华风光
600315,上海家化
003038,鑫铂股份
300811,铂科新材
301512,智信精密
300881,盛德鑫泰
002542,*ST中岩
688236,春立医疗
603605,珀莱雅
300496,中科创达
002353,杰瑞股份
688696,极米科技
600987,航民股份
301571,国科天成
002642,荣联科技
002468,申通快递
688084,晶品特装
688398,赛特新材
300586,美联新材
300635,中达安
600320,振华重工
301190,善水科技
002535,林州重机
002362,汉王科技
920149,旭杰科技
002052,同洲电子
001388,信通电子
600761,安徽合力
603557,*ST起步
688293,奥浦迈
301251,威尔高
000631,顺发恒能
600228,*ST返利
300242,佳云科技
300675,建科院
000928,中钢国际
603383,顶点软件
600276,恒瑞医药
920395,朗鸿科技
600887,伊利股份
688357,建龙微纳
300132,青松股份
688080,映翰通
603205,健尔康
000030,富奥股份
300248,新开普
920017,星昊医药
600562,国睿科技
603029,天鹅股份
600754,锦江酒店
688296,和达科技
600863,华能蒙电
603069,海汽集团
600303,曙光股份
603281,江瀚新材
002413,雷科防务
688508,芯朋微
002004,华邦健康
603206,嘉环科技
002742,三圣股份
002519,银河电子
002677,浙江美大
301565,中仑新材
002949,华阳国际
603183,建研院
600148,长春一东
300002,神州泰岳
600025,华能水电
600600,青岛啤酒
002644,佛慈制药
603170,宝立食品
000421,南京公用
300865,大宏立
002267,陕天然气
600066,XD宇通客
300941,创识科技
600037,歌华有线
001386,马可波罗
000400,许继电气
000504,*ST生物
000099,中信海直
600177,雅戈尔
600966,博汇纸业
688425,铁建重工
920006,晟楠科技
600501,航天晨光
300013,新宁物流
002367,康力电梯
300979,华利集团
600881,亚泰集团
002210,飞马国际
688069,德林海
300458,全志科技
688265,南模生物
000931,中 关 村
300045,华力创通
600706,曲江文旅
601500,通用股份
002589,瑞康医药
002156,通富微电
300091,*ST金灵
300003,乐普医疗
688506,百利天恒
603230,内蒙新华
600579,中化装备
002682,龙洲股份
920608,丰安股份
301091,深城交
688232,新点软件
001300,三柏硕
688699,明微电子
603182,嘉华股份
002657,中科金财
688171,纬德信息
601113,华鼎股份
301331,恩威医药
000892,欢瑞世纪
300166,东方国信
300920,润阳科技
920116,星图测控
301369,联动科技
600171,上海贝岭
300218,安利股份
300371,汇中股份
603043,广州酒家
002481,双塔食品
688309,恒誉环保
300741,华宝股份
600519,贵州茅台
300206,理邦仪器
002724,海洋王
300182,捷成股份
600098,广州发展
600056,中国医药
603329,上海雅仕
601618,中国中冶
002296,辉煌科技
600527,江南高纤
920799,艾融软件
603787,新日股份
002767,先锋电子
603689,皖天然气
688589,力合微
000656,*ST金科
300966,共同药业
600648,外高桥
300872,天阳科技
600101,明星电力
603022,新通联
002014,永新股份
300171,东富龙
002239,奥特佳
002891,中宠股份
688186,广大特材
002115,三维通信
920478,峆一药业
001314,亿道信息
002555,三七互娱
600908,无锡银行
000409,云鼎科技
605180,华生科技
601700,风范股份
603027,千禾味业
600332,白云山
001323,慕思股份
300235,方直科技
600884,杉杉股份
000650,仁和药业
688251,井松智能
002550,千红制药
002097,山河智能
002451,摩恩电气
601005,重庆钢铁
300928,华安鑫创
600179,安通控股
601077,渝农商行
002681,奋达科技
600968,海油发展
000938,紫光股份
300688,创业黑马
003042,中农联合
002647,仁东控股
002753,永东股份
001308,康冠科技
002674,兴业科技
600926,杭州银行
603788,宁波高发
920130,立方控股
000937,冀中能源
600463,空港股份
603297,永新光学
300590,移为通信
600403,大有能源
002134,天津普林
600031,三一重工
601399,国机重装
002749,国光股份
300814,中富电路
600707,彩虹股份
300257,开山股份
601827,三峰环境
300318,博晖创新
001328,登康口腔
603296,华勤技术
301589,诺瓦星云
002864,盘龙药业
603633,徕木股份
688489,三未信安
300148,天舟文化
002244,滨江集团
300414,中光防雷
002333,罗普斯金
300886,华业香料
000520,凤凰航运
688659,元琛科技
600681,百川能源
600735,ST新华锦
920504,博迅生物
301062,上海艾录
601311,骆驼股份
300126,锐奇股份
301332,德尔玛
603158,腾龙股份
301335,天元宠物
301468,博盈特焊
002507,涪陵榨菜
300350,华鹏飞
001213,中铁特货
600713,南京医药
000731,四川美丰
002490,山东墨龙
001299,美能能源
300753,爱朋医疗
001387,雪祺电气
002007,华兰生物
600526,菲达环保
920729,永顺生物
002955,鸿合科技
002899,英派斯
300155,安居宝
603391,力聚热能
002275,桂林三金
600439,瑞贝卡
601058,赛轮轮胎
600654,中安科
002635,安洁科技
002146,荣盛发展
301208,中亦科技
600422,昆药集团
002079,苏州固锝
301113,雅艺科技
001396,誉帆科技
600283,钱江水利
300073,当升科技
688551,科威尔
002190,成飞集成
920419,路斯股份
600233,圆通速递
603607,京华激光
301362,民爆光电
603187,海容冷链
002372,伟星新材
002905,金逸影视
688608,恒玄科技
301231,荣信文化
002831,裕同科技
603755,日辰股份
300306,远方信息
600062,华润双鹤
603135,中重科技
002676,顺威股份
688798,艾为电子
300516,久之洋
688209,英集芯
601390,中国中铁
605066,天正电气
300078,思创智联
600831,广电网络
601665,齐鲁银行
920682,球冠电缆
301355,南王科技
600998,九州通
002852,道道全
300750,宁德时代
002090,金智科技
300828,锐新科技
603138,海量数据
000915,华特达因
600279,重庆港
600543,*ST莫高
601368,绿城水务
600995,南网储能
301503,智迪科技
688318,财富趋势
300501,海顺新材
600575,淮河能源
601360,三六零
600839,四川长虹
603700,宁水集团
301678,新恒汇
002748,世龙实业
300547,川环科技
000810,创维数字
603237,五芳斋
300167,ST迪威迅
600505,西昌电力
603366,日出东方
603332,苏州龙杰
002771,真视通
002360,ST同德
600637,东方明珠
603102,百合股份
002873,新天药业
605003,众望布艺
601398,工商银行
600305,恒顺醋业
600493,凤竹纺织
000156,华数传媒
600016,民生银行
603568,伟明环保
603701,德宏股份
301136,招标股份
300859,西域旅游
002609,捷顺科技
002678,珠江钢琴
920885,星辰科技
300717,华信新材
688600,皖仪科技
301632,广东建科
688578,艾力斯
601766,中国中车
002303,美盈森
301272,英华特
300355,蒙草生态
000488,ST晨鸣
301060,兰卫医学
300555,ST路通
603713,密尔克卫
002907,华森制药
300530,领湃科技
601990,南京证券
002727,一心堂
600106,重庆路桥
000526,学大教育
002688,金河生物
600319,亚星化学
300724,捷佳伟创
000670,盈方微
301126,达嘉维康
301390,经纬股份
300517,海波重科
002055,ST得润
600511,国药股份
300020,ST银江
688027,国盾量子
002314,南山控股
301533,威马农机
300358,楚天科技
002420,毅昌科技
601065,江盐集团
002093,国脉科技
300968,格林精密
300795,米奥会展
002312,川发龙蟒
688247,宣泰医药
002999,天禾股份
605100,华丰股份
301367,瑞迈特
000895,双汇发展
002826,易明医药
601801,皖新传媒
001288,运机集团
002981,朝阳科技
000707,双环科技
688225,亚信安全
002145,钛能化学
920370,新安洁
300287,飞利信
300158,振东制药
301613,新铝时代
600734,*ST实达
600873,梅花生物
603617,君禾股份
600508,上海能源
600248,陕建股份
002554,惠博普
002769,普路通
600210,紫江企业
605318,法狮龙
001338,永顺泰
603308,应流股份
603676,卫信康
600377,宁沪高速
301507,民生健康
603708,家家悦
600116,三峡水利
603658,安图生物
301491,汉桑科技
688062,迈威生物-U
002173,创新医疗
920662,方盛股份
600232,金鹰股份
300387,富邦科技
300360,炬华科技
002857,三晖电气
688685,迈信林
300788,中信出版
300026,红日药业
002777,久远银海
001311,多利科技
601798,蓝科高新
600851,海欣股份
600790,轻纺城
603169,兰石重装
002225,濮耐股份
603014,威高血净
600963,岳阳林纸
002541,鸿路钢构
688175,高凌信息
300319,麦捷科技
301520,万邦医药
300482,万孚生物
600340,*ST华幸
003012,东鹏控股
002427,尤夫股份
002778,中晟高科
688328,深科达
601919,中远海控
300009,安科生物
300768,迪普科技
600728,佳都科技
601033,永兴股份
300321,同大股份
920753,天纺标
300933,中辰股份
301071,力量钻石
301418,协昌科技
600746,江苏索普
002120,韵达股份
688456,有研粉材
000157,中联重科
301151,冠龙节能
002592,ST八菱
600182,S佳通
002835,同为股份
300531,优博讯
300710,万隆光电
603038,华立股份
688050,爱博医疗
600816,建元信托
920751,惠同新材
920522,纳科诺尔
301296,新巨丰
603317,天味食品
688163,赛伦生物
000978,桂林旅游
301628,强达电路
601107,四川成渝
002204,大连重工
300947,德必集团
688739,成大生物
000755,山西高速
601339,百隆东方
688390,固德威
600757,长江传媒
300006,莱美药业
600620,天宸股份
600132,重庆啤酒
605255,天普股份
600085,同仁堂
300149,睿智医药
601607,上海医药
300722,新余国科
002951,金时科技
603811,诚意药业
002480,新筑股份
600535,天士力
601007,金陵饭店
000027,深圳能源
600640,国脉文化
688389,普门科技
600551,时代出版
002133,广宇集团
000897,津滨发展
601818,光大银行
000565,渝三峡Ａ
300956,英力股份
301568,思泰克
002391,长青股份
000025,特  力Ａ
002430,杭氧股份
300615,欣天科技
002349,精华制药
002625,光启技术
603408,建霖家居
600008,首创环保
601928,凤凰传媒
002123,梦网科技
603153,上海建科
603326,我乐家居
301662,宏工科技
300882,万胜智能
000420,吉林化纤
600712,南宁百货
300144,宋城演艺
605001,威奥股份
301018,申菱环境
002582,好想你
002988,豪美新材
688331,荣昌生物
002587,奥拓电子
300566,激智科技
002570,贝因美
601890,亚星锚链
600965,*ST福成
600812,华北制药
300412,迦南科技
920184,国源科技
000619,海螺新材
688073,毕得医药
603882,金域医学
000752,*ST西发
000402,金 融 街
603855,华荣股份
301089,拓新药业
002262,恩华药业
600548,深高速
300032,金龙机电
688049,炬芯科技
920139,华岭股份
301043,绿岛风
002415,海康威视
600104,上汽集团
001316,润贝航科
688588,凌志软件
688656,浩欧博
688653,康希通信
002439,启明星辰
600817,宇通重工
600803,新奥股份
600250,南京商旅
600375,汉马科技
301668,昊创瑞通
300647,超频三
605286,同力天启
000888,峨眉山Ａ
300365,恒华科技
603307,扬州金泉
002686,亿利达
600538,国发股份
600741,华域汽车
002261,拓维信息
002958,青农商行
000017,深中华A
000989,九芝堂
601588,北辰实业
002081,金 螳 螂
000919,金陵药业
301109,军信股份
300525,博思软件
605507,国邦医药
603759,海天股份
000957,中通客车
600368,五洲交通
300177,中海达
301307,美利信
688217,睿昂基因
600867,通化东宝
688410,山外山
603585,苏利股份
603323,苏农银行
600822,上海物贸
600308,华泰股份
000883,湖北能源
300598,诚迈科技
600662,外服控股
301585,蓝宇股份
601999,出版传媒
600897,厦门空港
603927,中科软
300493,润欣科技
600623,华谊集团
000503,国新健康
600356,恒丰纸业
002890,弘宇股份
002125,湘潭电化
603879,永悦科技
301303,真兰仪表
000031,大悦城
300887,谱尼测试
300305,裕兴股份
002670,国盛证券
000705,浙江震元
002540,亚太科技
000950,重药控股
002923,润都股份
601518,吉林高速
600135,乐凯胶片
002761,浙江建投
002352,顺丰控股
000158,常山北明
300705,九典制药
600416,湘电股份
600771,广誉远
002099,海翔药业
300240,飞力达
000786,北新建材
002649,博彦科技
300609,汇纳科技
601186,中国铁建
601238,广汽集团
002061,浙江交科
600141,兴发集团
301293,三博脑科
600351,亚宝药业
300438,鹏辉能源
688330,宏力达
301039,中集车辆
920953,国子软件
600258,首旅酒店
688569,铁科轨道
603097,江苏华辰
300261,雅本化学
600613,神奇制药
300314,戴维医疗
600639,浦东金桥
002236,大华股份
301025,读客文化
688366,昊海生科
300960,通业科技
603887,城地香江
688298,东方生物
688356,键凯科技
688118,普元信息
301370,国科恒泰
601163,三角轮胎
601019,山东出版
603569,长久物流
688166,博瑞医药
920876,慧为智能
002302,西部建设
603529,爱玛科技
002059,云南旅游
688563,航材股份
300499,高澜股份
300743,天地数码
301111,粤万年青
603130,云中马
600419,天润乳业
920717,瑞星股份
600664,哈药股份
300267,尔康制药
300231,银信科技
300411,金盾股份
300994,久祺股份
002803,吉宏股份
600731,湖南海利
002598,ST章鼓
002010,传化智联
301206,三元生物
688468,科美诊断
000633,合金投资
002608,江苏国信
688238,和元生物
002936,郑州银行
603077,和邦生物
600203,福日电子
688207,格灵深瞳
603908,牧高笛
002807,江阴银行
301536,星宸科技
002141,贤丰控股
000965,天保基建
688038,中科通达
300494,盛天网络
300491,通合科技
920223,荣亿精密
600010,包钢股份
301085,亚康股份
301058,中粮科工
000009,中国宝安
300338,*ST开元
600718,东软集团
300172,中电环保
600668,尖峰集团
002992,宝明科技
002230,科大讯飞
601199,江南水务
688621,阳光诺和
300529,健帆生物
002494,华斯股份
300587,天铁科技
301636,泽润新能
300436,广生堂
002495,佳隆股份
603456,九洲药业
920304,迪尔化工
301458,钧崴电子
300908,仲景食品
300990,同飞股份
688543,国科军工
605050,福然德
301275,汉朔科技
301072,中捷精工
300747,锐科激光
600692,亚通股份
688517,金冠电气
000886,海南高速
300067,安诺其
300642,透景生命
920689,克莱特
000507,珠海港
600038,中直股份
300766,每日互动
605289,罗曼股份
002845,同兴达
001318,阳光乳业
600815,厦工股份
001201,东瑞股份
300915,海融科技
601577,长沙银行
688618,三旺通信
605259,绿田机械
300523,辰安科技
300640,德艺文创
002148,北纬科技
002561,徐家汇
688058,宝兰德
688098,申联生物
002206,海 利 得
000090,天健集团
603156,养元饮品
600622,光大嘉宝
600030,中信证券
920436,大地电气
002972,科安达
603909,建发合诚
002998,优彩资源
603886,元祖股份
603801,志邦家居
688651,盛邦安全
688334,西高院
600675,中华企业
000901,航天科技
000538,云南白药
002102,ST能特
920833,美心翼申
688272,富吉瑞
300349,金卡智能
300329,海伦钢琴
688105,诺唯赞
300402,宝色股份
603893,瑞芯微
003037,三和管桩
603406,天富龙
300656,民德电子
603392,万泰生物
000756,新华制药
300991,创益通
001218,丽臣实业
300388,节能国祯
688285,高铁电气
002408,齐翔腾达
600996,贵广网络
002455,百川股份
300769,德方纳米
600004,白云机场
000859,国风新材
002588,史丹利
300942,易瑞生物
300614,百川畅银
601658,邮储银行
300849,锦盛新材
688562,航天软件
300008,天海防务
300105,龙源技术
601669,中国电建
300951,博硕科技
002567,唐人神
601968,宝钢包装
300719,安达维尔
600905,三峡能源
300040,九洲集团
920082,方正阀门
600121,郑州煤电
600495,晋西车轴
300341,麦克奥迪
600666,奥瑞德
002025,航天电器
002679,福建金森
301116,益客食品
000036,华联控股
002389,航天彩虹
920438,戈碧迦
300150,世纪瑞尔
603896,寿仙谷
000952,广济药业
300454,深信服
688758,赛分科技
000959,首钢股份
601139,深圳燃气
300740,水羊股份
603936,博敏电子
600117,西宁特钢
301049,超越科技
000719,中原传媒
300012,华测检测
000555,神州信息
300877,金春股份
603860,中公高科
300931,通用电梯
002212,天融信
002476,宝莫股份
300207,欣旺达
301298,东利机械
920060,万源通
920077,吉林碳谷
603516,淳中科技
600298,安琪酵母
000617,中油资本
603168,莎普爱思
002047,*ST宝鹰
002144,宏达高科
605199,ST葫芦娃
002985,北摩高科
688096,京源环保
000900,现代投资
920089,禾昌聚合
688203,海正生材
002867,周大生
600408,安泰集团
601228,广州港
301515,港通医疗
300519,新光药业
002390,信邦制药
600834,申通地铁
688081,兴图新科
300999,金龙鱼
301233,盛帮股份
600660,福耀玻璃
301314,科瑞思
600444,国机通用
603282,亚光股份
000665,湖北广电
688528,秦川物联
600671,天目药业
002596,海南瑞泽
300425,中建环能
600467,好当家
688085,三友医疗
688479,友车科技
002912,中新赛克
603968,醋化股份
301223,中荣股份
002116,中国海诚
688220,翱捷科技-U
301166,优宁维
600760,中航沈飞
002414,高德红外
300502,新易盛
002536,飞龙股份
002252,上海莱士
300917,特发服务
301388,欣灵电气
002946,新乳业
300135,宝利国际
600050,中国联通
920278,鹿得医疗
000153,丰原药业
300763,锦浪科技
000563,陕国投Ａ
301682,宏明电子
000679,大连友谊
000713,国投丰乐
002483,润邦股份
600128,苏豪弘业
300989,蕾奥规划
600272,开开实业
688391,钜泉科技
001379,腾达科技
601686,友发集团
002966,苏州银行
001206,依依股份
603661,恒林股份
300619,金银河
301559,中集环科
600658,电子城
600872,中炬高新
600883,博闻科技
601952,苏垦农发
300513,恒实科技
300515,三德科技
601598,中国外运
920367,新赣江
920895,花溪科技
002053,云南能投
600221,海航控股
688273,麦澜德
601789,宁波建工
002663,普邦股份
301010,晶雪节能
002065,东华软件
000922,佳电股份
301050,雷电微力
600230,沧州大化
688051,佳华科技
001278,一彬科技
688683,莱尔科技
300967,晓鸣股份
920195,三祥科技
300554,三超新材
688310,迈得医疗
002037,保利联合
002591,恒大高新
000403,派林生物
920122,中纺标
300923,研奥股份
300070,碧水源
688566,吉贝尔
603808,歌力思
600737,中粮糖业
000007,全新好
300374,中铁装配
000820,*ST节能
300373,扬杰科技
600689,上海三毛
000557,西部创业
300480,光力科技
001309,德明利
002956,西麦食品
601288,农业银行
600057,厦门象屿
605116,奥锐特
688060,云涌科技
300209,行云科技
600807,济高发展
002701,奥瑞金
300552,万集科技
301265,华新科技
300030,阳普医疗
688552,航天南湖
002350,北京科锐
601800,中国交建
002756,永兴材料
603321,梅轮电梯
002675,东诚药业
301065,本立科技
603630,拉芳家化
001390,古麒绒材
300342,天银机电
300407,凯发电气
002632,道明光学
002631,德尔未来
000661,长春高新
688638,誉辰智能
300901,中胤时尚
002866,传艺科技
600796,钱江生化
300296,利亚德
300368,汇金股份
920579,机科股份
920508,殷图网联
600918,中泰证券
300521,爱司凯
300906,日月明
600939,重庆建工
603669,灵康药业
000598,兴蓉环境
002615,哈尔斯
300146,汤臣倍健
688289,圣湘生物
600956,新天绿能
300021,大禹节水
300099,尤洛卡
002075,沙钢股份
603709,中源家居
688332,中科蓝讯
601158,重庆水务
600282,南钢股份
688416,恒烁股份
601059,信达证券
920806,云星宇
002346,柘中股份
603829,洛凯股份
301446,福事特
600999,招商证券
002094,青岛金王
601016,节能风电
300888,稳健医疗
600460,士兰微
002140,东华科技
301359,东南电子
001223,欧克科技
603696,安记食品
003041,真爱美家
300765,新诺威
920262,太湖雪
601128,常熟银行
603377,ST东时
688363,华熙生物
603150,万朗磁塑
002773,康弘药业
000881,中广核技
601066,中信建投
002344,海宁皮城
300419,ST浩丰
600223,福瑞达
600928,西安银行
920634,新威凌
600097,开创国际
002732,燕塘乳业
920675,XD秉扬科
300930,屹通新材
001255,博菲电气
002559,亚威股份
600217,中再资环
002370,亚太药业
003023,彩虹集团
600064,南京高科
920212,智新电子
300034,钢研高纳
300077,国民技术
603011,合锻智能
002045,国光电器
300858,科拓生物
002169,智光电气
300401,花园生物
301395,仁信新材
002376,新北洋
002601,龙佰集团
301360,荣旗科技
688613,奥精医疗
000778,新兴铸管
000815,美利云
000597,东北制药
601901,方正证券
688466,金科环境
688660,电气风电
600685,中船防务
002162,悦心健康
688616,西力科技
920924,广脉科技
002556,辉隆股份
300169,天晟新材
600331,宏达股份
603499,翔港科技
600073,光明肉业
920204,沪江材料
300271,华宇软件
300581,晨曦航空
300327,中颖电子
301267,华厦眼科
301337,亚华电子
301308,江波龙
300423,昇辉科技
603883,老百姓
301035,润丰股份
000985,大庆华科
688045,必易微
300255,常山药业
300510,金冠股份
600774,汉商集团
300019,硅宝科技
300902,国安达
301158,德石股份
601138,工业富联
002073,软控股份
688056,莱伯泰科
301252,同星科技
605388,均瑶健康
000721,西安饮食
603916,苏博特
000401,金隅冀东
600099,林海股份
603303,得邦照明
300283,温州宏丰
300226,上海钢联
000690,宝新能源
600882,妙可蓝多
603001,奥康国际
601326,秦港股份
688373,盟科药业-U
002792,通宇通讯
603288,海天味业
605183,确成股份
301179,泽宇智能
002255,海陆重工
300474,景嘉微
000789,万年青
603536,惠发食品
001325,元创股份
001286,陕西能源
920260,中寰股份
600970,中材国际
688213,思特威-W
002456,欧菲光
000524,岭南控股
603871,嘉友国际
000089,深圳机场
002485,ST雪发
688132,邦彦技术
300787,海能实业
600189,泉阳泉
000929,*ST兰黄
600981,苏豪汇鸿
603079,圣达生物
300195,长荣股份
300963,中洲特材
301012,扬电科技
601966,玲珑轮胎
603707,健友股份
600207,安彩高科
301602,超研股份
002192,融捷股份
000757,浩物股份
601828,美凯龙
600379,宝光股份
601089,福元医药
301234,五洲医疗
600901,江苏金租
300250,初灵信息
601200,上海环境
601208,东材科技
000561,烽火电子
600420,国药现代
002932,*ST明德
600322,津投城开
603885,吉祥航空
301608,博实结
600845,XD宝信软
000517,荣安地产
601997,贵阳银行
301586,佳力奇
000068,华控赛格
603733,仙鹤股份
300369,绿盟科技
603309,维力医疗
002318,久立特材
002734,利民股份
300633,开立医疗
300256,星星科技
601021,春秋航空
600581,*ST八钢
002511,中顺洁柔
001382,新亚电缆
000999,华润三九
688606,奥泰生物
000783,长江证券
300890,翔丰华
300405,科隆股份
600594,益佰制药
000951,中国重汽
600196,复星医药
600399,抚顺特钢
920640,富士达
300631,久吾高科
001313,粤海饲料
603878,武进不锈
600651,飞乐音响
300188,国投智能
300417,南华仪器
601860,紫金银行
300618,寒锐钴业
920252,天宏锂电
600212,绿能慧充
600729,重百集团
601366,利群股份
002419,天虹股份
603385,惠达卫浴
002130,沃尔核材
003020,立方制药
301156,美农生物
000014,沙河股份
000016,*ST康佳A
000019,深粮控股
300027,ST华谊
300109,新开源
603628,清源股份
600310,广西能源
603398,*ST沐邦
000572,海马汽车
600506,统一股份
688155,先惠技术
001229,魅视科技
300016,北陆药业
300697,电工合金
300973,立高食品
603207,小方制药
300289,利德曼
002074,国轩高科
920519,万德股份
600611,大众交通
002063,远光软件
000550,江铃汽车
603519,立霸股份
000045,深纺织Ａ
600202,哈空调
000554,泰山石油
002838,道恩股份
600327,大东方
605567,春雪食品
603151,邦基科技
300304,云意电气
920576,天力复合
002695,煌上煌
688359,三孚新科
300151,昌红科技
603590,康辰药业
920371,欧福蛋业
000059,华锦股份
300713,英可瑞
603306,华懋科技
688539,高华科技
300592,华凯易佰
002735,王子新材
300800,力合科技
603058,永吉股份
603105,芯能科技
688362,甬矽电子
301103,何氏眼科
603128,华贸物流
300511,雪榕生物
920496,许昌智能
600612,老凤祥
002911,佛燃能源
002385,大北农
300892,品渥食品
688765,禾元生物-U
601456,国联民生
301183,东田微
603279,景津装备
600287,苏豪时尚
301558,三态股份
603106,恒银科技
300841,康华生物
002402,和而泰
301167,建研设计
300636,同和药业
300324,旋极信息
603822,ST嘉澳
301006,迈拓股份
000729,燕京啤酒
000811,冰轮环境
600708,光明地产
603639,海利尔
300579,数字认证
920493,并行科技
601333,广深铁路
000419,通程控股
002574,明牌珠宝
300389,艾比森
300317,珈伟新能
300962,中金辐照
600814,杭州解百
002697,红旗连锁
603336,宏辉果蔬
300294,博雅生物
000785,居然智家
300986,志特新材
605138,盛泰集团
600858,银座股份
301073,君亭酒店
605337,李子园
600365,ST通葡
300463,迈克生物
000663,永安林业
603881,数据港
603866,桃李面包
600602,云赛智联
002780,三夫户外
300595,欧普康视
688772,珠海冠宇
301108,洁雅股份
603725,天安新材
688607,康众医疗
300735,光弘科技
300134,大富科技
000582,北部湾港
605277,新亚电子
002398,垒知集团
300669,沪宁股份
000885,城发环境
301026,浩通科技
600688,上海石化
600129,太极集团
920068,天工股份
300382,斯莱克
002096,易普力
601099,太平洋
688127,蓝特光学
000589,贵州轮胎
000998,隆平高科
300850,新强联
688789,宏华数科
002683,广东宏大
300737,科顺股份
601298,青岛港
601112,振石股份
603052,可川科技
000911,*ST广糖
603387,基蛋生物
603616,韩建河山
301191,菲菱科思
300130,新国都
688005,容百科技
688089,嘉必优
000049,德赛电池
600125,铁龙物流
300464,星徽股份
603313,梦百合
688023,安恒信息
000917,电广传媒
600033,福建高速
000955,欣龙控股
300397,天和防务
300699,光威复材
002837,英维克
300534,陇神戎发
300452,山河药辅
600127,金健米业
301185,鸥玛软件
600496,精工钢构
600257,大湖股份
000011,深物业A
600655,豫园股份
688087,英科再生
000544,中原环保
002573,清新环境
300277,汽轮科技
603330,天洋新材
300650,太龙股份
920892,广咨国际
600380,健康元
000513,丽珠集团
600157,永泰能源
002317,众生药业
688185,康希诺
605198,安德利
301329,信音电子
300351,永贵电器
600395,盘江股份
600009,上海机场
605122,四方新材
600300,维维股份
601117,中国化学
300937,药易购
920299,灿能电力
301327,华宝新能
688111,金山办公
300884,狄耐克
300183,东软载波
688267,中触媒
002977,*ST天箭
300659,中孚信息
300251,光线传媒
300623,捷捷微电
688717,艾罗能源
002690,美亚光电
688561,奇安信-U
601698,中国卫通
000753,漳州发展
300500,启迪设计
688515,裕太微-U
600017,日照港
600512,腾达建设
601211,国泰海通
002793,罗欣药业
603218,日月股份
600862,中航高科
002746,仙坛股份
600185,珠免集团
002186,全 聚 德
688007,光峰科技
688182,灿勤科技
000969,安泰科技
002152,广电运通
688538,和辉光电-U
603429,*ST集友
688595,芯海科技
300270,中威电子
002566,益盛药业
300485,赛升药业
688276,百克生物
603716,塞力医疗
603987,康德莱
600710,苏美达
603899,晨光股份
920873,中设咨询
600048,保利发展
002328,新朋股份
600861,北京人力
600738,丽尚国潮
688582,芯动联科
600425,青松建化
601628,中国人寿
600824,益民集团
600390,五矿资本
600241,时代万恒
002508,老板电器
000548,湖南投资
002214,*ST大立
002820,桂发祥
920029,开发科技
301193,家联科技
300708,聚灿光电
600458,时代新材
300377,赢时胜
920128,胜业电气
600307,酒钢宏兴
301172,君逸数码
000930,中粮科技
002869,金溢科技
600838,上海九百
600975,新五丰
000423,东阿阿胶
600167,联美控股
601236,红塔证券
301290,东星医疗
600126,杭钢股份
300557,理工光科
688336,三生国健
000779,甘咨询
300767,震安科技
002534,西子洁能
002479,富春环保
688021,奥福科技
600859,王府井
600833,第一医药
300629,新劲刚
000683,博源化工
688372,伟测科技
300553,集智股份
001339,智微智能
688779,五矿新能
300791,仙乐健康
300775,三角防务
002645,华宏科技
920703,广厦环能
600476,*ST湘邮
001258,立新能源
300118,东方日升
300569,天能重工
301519,舜禹股份
600528,中铁工业
000856,冀东装备
002861,瀛通通讯
601568,北元化工
300784,利安科技
000809,和展能源
002023,海特高新
601611,中国核建
688078,龙软科技
300597,吉大通信
688799,华纳药厂
600278,东方创业
002986,宇新股份
605098,行动教育
603983,丸美生物
000995,皇台酒业
000008,神州高铁
688335,复洁科技
001227,兰州银行
301278,快可电子
600518,康美药业
001391,国货航
600765,中航重机
601601,中国太保
000850,华茂股份
688681,科汇股份
002452,长高电新
002364,中恒电气
688316,青云科技-U
000498,山东路桥
601880,辽港股份
000151,中成股份
300653,正海生物
000529,广弘控股
603165,荣晟环保
600720,中交设计
301207,华兰疫苗
300239,东宝生物
920982,锦波生物
688092,爱科科技
300269,联建光电
003039,顺控发展
688658,悦康药业
301120,新特电气
300147,*ST香雪
688191,智洋创新
301162,国能日新
000798,中水渔业
000519,中兵红箭
605179,一鸣食品
688575,亚辉龙
601788,光大证券
002603,以岭药业
688450,光格科技
600750,华润江中
300593,新雷能
002583,海能达
920062,科润智控
601878,浙商证券
603681,永冠新材
920694,中裕科技
300015,爱尔眼科
601336,新华保险
688031,星环科技-U
002575,群兴玩具
002548,金新农
000428,华天酒店
688053,ST思科瑞
605300,佳禾食品
301281,科源制药
600456,宝钛股份
300334,津膜科技
300796,贝斯美
002728,特一药业
002762,*ST金比
300601,康泰生物
000935,四川双马
002475,立讯精密
600775,南京熊猫
688239,航宇科技
600604,市北高新
002228,合兴包装
300711,广哈通信
000069,华侨城Ａ
002313,日海智能
600864,哈投股份
688695,中创股份
300504,天邑股份
600429,三元股份
600643,爱建集团
600137,浪莎股份
002437,誉衡药业
002022,科华生物
300204,舒泰神
300846,首都在线
600820,隧道股份
000800,一汽解放
002959,小熊电器
688180,君实生物-U
601018,宁波港
300589,江龙船艇
603098,森特股份
000766,通化金马
300563,神宇股份
600866,星湖科技
603357,设计总院
301601,惠通科技
301638,南网数字
601136,首创证券
002671,龙泉股份
001203,大中矿业
601995,中金公司
002369,卓翼科技
002182,宝武镁业
000725,京东方Ａ
000623,吉林敖东
688286,敏芯股份
000532,华金资本
300628,亿联网络
600186,莲花控股
600829,人民同泰
002307,北新路桥
301213,观想科技
920106,林泰新材
688579,地纬智能
300621,维业股份
688201,ST信安
001270,*ST铖昌
301301,川宁生物
688161,威高骨科
000600,建投能源
603209,兴通股份
300279,和晶科技
000882,华联股份
600697,欧亚集团
000048,京基智农
603375,盛景微
688597,煜邦电力
300359,全通教育
301117,佳缘科技
000825,太钢不锈
688432,有研硅
002078,太阳纸业
002908,德生科技
300487,蓝晓科技
600388,龙净环保
688488,艾迪药业
301011,华立科技
600802,福建水泥
002461,珠江啤酒
000531,穗恒运Ａ
002984,森麒麟
600271,航天信息
002049,紫光国微
300383,光环新网
688584,上海合晶
000977,浪潮信息
601512,中新集团
920656,海昇药业
688776,国光电气
301566,达利凯普
603083,剑桥科技
920123,芭薇股份
600295,鄂尔多斯
001979,招商蛇口
300163,先锋新材
600436,片仔癀
603160,汇顶科技
603085,天成自控
600704,物产中大
600776,东方通信
603051,鹿山新材
688657,浩辰软件
300793,佳禾智能
000738,航发控制
002088,鲁阳节能
000590,古汉医药
600352,浙江龙盛
002340,格林美
600280,中央商场
600868,梅雁吉祥
600809,山西汾酒
002730,电光科技
300345,华民股份
920832,齐鲁华信
600468,百利电气
603091,众鑫股份
300453,三鑫医疗
600448,华纺股份
000021,深科技
001324,长青科技
688009,中国通号
600874,创业环保
603937,丽岛新材
000829,天音控股
600503,华丽家族
605162,新中港
601375,中原证券
600161,天坛生物
601666,平煤股份
002235,安妮股份
000936,华西股份
600198,大唐电信
002106,莱宝高科
000702,正虹科技
688369,致远互联
600329,达仁堂
300752,隆利科技
300455,航天智装
300119,瑞普生物
600529,山东药玻
002551,尚荣医疗
601198,东兴证券
920879,基康技术
301099,雅创电子
000920,沃顿科技
300384,三联虹普
301391,卡莱特
000776,广发证券
002188,中天服务
300044,*ST赛为
301333,诺思格
603823,百合花
688148,芳源股份
000541,佛山照明
300514,友讯达
603678,火炬电子
002942,新农股份
601528,瑞丰银行
002627,三峡旅游
600052,东望时代
002839,张家港行
688428,诺诚健华
002286,保龄宝
300837,浙矿股份
603059,倍加洁
301219,腾远钴业
920125,鸿仕达
300288,朗玛信息
002213,大为股份
688408,中信博
600615,鑫源智造
600499,科达制造
000682,东方电子
000801,四川九洲
002579,中京电子
603565,中谷物流
920396,常辅股份
688701,卓锦股份
688153,唯捷创芯
605155,西大门
605123,派克新材
302132,中航成飞
301526,国际复材
000514,渝 开 发
600019,宝钢股份
600764,中国海防
688370,丛麟科技
920964,润农节水
002377,国创高新
600383,金地集团
600894,广日股份
002440,闰土股份
300842,帝科股份
600810,神马股份
603459,红板科技
601106,中国一重
603177,德创环保
301045,天禄科技
300005,探路者
000750,国海证券
600107,*ST尔雅
600969,郴电国际
603095,越剑智能
600992,贵绳股份
600138,中青旅
920819,颖泰生物
300843,胜蓝股份
600755,厦门国贸
601222,林洋能源
688368,晶丰明源
300645,正元智慧
688800,瑞可达
301130,西点药业
002227,*ST特迅
002273,水晶光电
002247,聚力文化
002104,恒宝股份
000637,茂化实华
002725,跃岭股份
300386,飞天诚信
301068,大地海洋
688350,富淼科技
301282,金禄电子
000065,北方国际
601127,赛力斯
002968,新大正
002126,银轮股份
300871,回盛生物
000876,新 希 望
002673,西部证券
002345,潮宏基
603685,晨丰科技
605305,中际联合
301489,思泉新材
603789,*ST星农
603900,莱绅通灵
603299,苏盐井神
600559,老白干酒
300220,金运激光
301322,绿通科技
603267,鸿远电子
300129,泰胜风能
600022,山东钢铁
600596,新安股份
603729,ST龙韵
603334,丰倍生物
002970,锐明技术
601881,中国银河
000958,电投产融
301037,保立佳
601002,晋亿实业
688767,博拓生物
600895,张江高科
002418,康盛股份
600561,江西长运
002069,獐子岛
000566,海南海药
002060,广东建工
002624,完美世界
600885,宏发股份
920857,泓禧科技
600768,宁波富邦
600805,悦达投资
603515,欧普照明
002967,广电计量
002178,延华智能
002557,洽洽食品
920010,凯添燃气
605007,五洲特纸
002316,亚联发展
600071,凤凰光学
601377,兴业证券
688198,佰仁医疗
600252,中恒集团
603198,迎驾贡酒
300682,朗新科技
002672,东江环保
600266,城建发展
000797,中国武夷
002365,永安药业
000709,河钢股份
600787,中储股份
300435,中泰股份
300910,瑞丰新材
601162,天风证券
301256,华融化学
688110,东芯股份
001205,盛航股份
603367,辰欣药业
601020,华钰矿业
688102,斯瑞新材
002707,众信旅游
002705,新宝股份
601702,华峰铝业
688179,阿拉丁
600029,南方航空
301165,锐捷网络
000735,罗 牛 山
603017,中衡设计
920186,中科仪
920809,安达科技
002216,三全食品
600628,新世界
001366,播恩集团
001221,悍高集团
002634,*ST棒杰
000980,众泰汽车
000006,深振业Ａ
600109,国金证券
300972,万辰集团
002876,三利谱
002996,顺博合金
000685,中山公用
300803,指南针
603608,天创时尚
300121,阳谷华泰
688288,鸿泉技术
002283,天润工业
600717,天津港
600682,南京新百
300140,节能环境
000058,深 赛 格
300380,安硕信息
603381,永臻股份
600323,瀚蓝环境
300179,四方达
301088,戎美股份
603863,松炀资源
300059,东方财富
688178,万德斯
301009,可靠股份
000728,国元证券
603318,水发燃气
600517,国网英大
002263,大东南
688067,爱威科技
300252,金信诺
002466,天齐锂业
605058,澳弘电子
605108,同庆楼
688449,联芸科技
920266,生物谷
301266,宇邦新材
600318,新力金融
688122,西部超导
688396,华润微
000560,我爱我家
000536,华映科技
600502,安徽建工
000501,武商集团
301539,宏鑫科技
300141,和顺电气
688503,聚和材料
688818,电科蓝天
688093,世华科技
301067,显盈科技
605158,华达新材
600061,国投资本
601609,金田股份
603123,翠微股份
000063,中兴通讯
000415,渤海租赁
300097,智云股份
688329,艾隆科技
688321,微芯生物
002870,香山股份
002268,电科网安
301237,和顺科技
301021,英诺激光
600616,金枫酒业
002179,中航光电
688033,*ST天宜
003009,中天火箭
300762,上海瀚讯
002153,石基信息
002272,川润股份
600782,新钢股份
600877,电科芯片
000525,红太阳
603766,隆鑫通用
920357,雅葆轩
688750,金天钛业
600801,华新建材
300958,建工修复
300777,中简科技
600826,兰生股份
000576,甘化科工
600360,*ST华微
000701,厦门信达
002524,光正眼科
301379,天山电子
301511,德福科技
002157,正邦科技
000768,中航西飞
688237,超卓航科
002057,中钢天源
600397,江钨装备
600906,财达证券
600865,百大集团
920422,润普食品
600828,茂业商业
603577,汇金通
600237,铜峰电子
605089,味知香
920092,汉鑫科技
920701,豪声电子
920547,无锡晶海
002910,庄园牧场
688026,洁特生物
300227,光韵达
688510,航亚科技
000002,万  科Ａ
002151,北斗星通
920808,曙光数创
605218,伟时电子
688586,江航装备
002564,天沃科技
603238,诺邦股份
000100,TCL科技
688119,中钢洛耐
300033,同花顺
300088,长信科技
002423,中粮资本
002024,ST易购
301498,乖宝宠物
002702,海欣食品
002991,甘源食品
600292,电投水电
300478,杭州高新
688518,联赢激光
300082,奥克股份
002872,ST天圣
002171,楚江新材
300447,全信股份
002788,鹭燕医药
601963,重庆银行
300869,康泰医学
000852,石化机械
603399,永杉锂业
000564,供销大集
300980,祥源新材
600067,冠城新材
002829,星网宇达
920037,广信科技
600566,济川药业
001373,翔腾新材
688065,凯赛生物
688349,三一重能
000858,五 粮 液
600649,城投控股
300605,恒锋信息
600665,天地源
688702,盛科通信-U
002960,青鸟智控
300929,华骐环保
001269,欧晶科技
301285,鸿日达
002330,得利斯
300790,宇瞳光学
300856,科思股份
600570,恒生电子
000862,银星能源
601717,中创智领
300398,飞凯材料
920992,中科美菱
600369,西南证券
000605,渤海股份
920592,华信永道
300898,熊猫乳品
601933,永辉超市
002038,双鹭药业
688382,益方生物-U
300852,四会富仕
002460,赣锋锂业
002203,海亮股份
000762,西藏矿业
300492,华图山鼎
920018,宏远股份
000788,北大医药
002342,巨力索具
002544,普天科技
603202,天有为
603615,茶花股份
300234,开尔新材
300603,立昂技术
603637,镇海股份
301595,太力科技
300804,广康生化
301175,中科环保
000718,苏宁环球
300424,航新科技
600716,凤凰股份
300120,经纬辉开
300212,*ST易录
600976,健民集团
600736,苏州高新
603698,航天工程
001220,世盟股份
601992,金隅集团
002613,北玻股份
002234,民和股份
300197,节能铁汉
600338,西藏珠峰
000926,福星股份
605599,菜百股份
603989,艾华集团
688371,菲沃泰
002916,深南电路
688317,之江生物
000037,深南电A
600667,太极实业
002446,盛路通信
300142,沃森生物
688278,特宝生物
002736,国信证券
002594,比亚迪
600131,国网信通
002368,太极股份
688511,天微电子
601318,中国平安
600120,浙江东方
603797,联泰环保
688426,康为世纪
301479,弘景光电
300684,中石科技
605028,世茂能源
600585,海螺水泥
688099,晶晨股份
301556,托普云农
001289,龙源电力
920786,骑士乳业
002197,证通电子
301505,苏州规划
002824,和胜股份
000988,华工科技
300773,拉卡拉
688013,天臣医疗
603919,金徽酒
300400,劲拓股份
920019,铜冠矿建
600589,大位科技
300347,泰格医药
002486,嘉麟杰
000727,冠捷科技
002161,远 望 谷
688158,优刻得-W
002545,东方铁塔
601515,衢州东峰
920275,驱动力
688556,高测股份
688189,南新制药
002606,大连电瓷
600255,鑫科材料
603687,大胜达
000655,金岭矿业
300551,古鳌科技
688400,凌云光
600113,浙江东日
601187,厦门银行
688343,云天励飞-U
300189,神农种业
301203,国泰环保
300286,安科瑞
301057,汇隆新材
603222,济民健康
003004,*ST声迅
603817,海峡环保
603966,法兰泰克
603558,健盛集团
603496,恒为科技
601000,唐山港
002180,奔图科技
001914,招商积余
300867,圣元环保
002304,洋河股份
002558,巨人网络
603191,望变电气
603215,比依股份
603060,国检集团
000761,本钢板材
603402,陕西旅游
300303,聚飞光电
600261,阳光照明
601519,大智慧
002051,中工国际
603939,益丰药房
300168,万达信息
002129,TCL中环
603556,海兴电力
000088,盐 田 港
688795,摩尔线程-U
605188,国光连锁
601226,华电科工
001233,海安集团
920300,辰光医疗
300535,达威股份
600606,绿地控股
301209,联合化学
000877,天山股份
603856,东宏股份
002462,嘉事堂
300583,赛托生物
300670,大烨智能
002546,新联电子
600051,宁波联合
688352,颀中科技
301323,新莱福
688133,泰坦科技
300308,中际旭创
300053,航宇微
300982,苏文电能
600983,惠而浦
600633,浙数文化
601096,宏盛华源
002982,湘佳股份
603703,盛洋科技
920670,数字人
002478,常宝股份
600165,ST宁科
002233,塔牌集团
301389,隆扬电子
600621,华鑫股份
300443,金雷股份
002638,勤上股份
300113,顺网科技
600325,华发股份
002295,精艺股份
000708,中信特钢
603858,步长制药
300241,瑞丰光电
300945,曼卡龙
603271,永杰新材
301312,智立方
300855,图南股份
300337,银邦股份
002453,华软科技
920261,一诺威
688152,麒麟信安
601179,中国西电
601008,连云港
600515,海南机场
300232,洲明科技
300215,电科院
605090,九丰能源
688513,苑东生物
000061,农 产 品
300808,久量股份
603010,万盛股份
002926,华西证券
688565,力源科技
301176,逸豪新材
688190,云路股份
603803,瑞斯康达
600516,方大炭素
603071,物产环能
601156,东航物流
000792,盐湖股份
600588,用友网络
688581,安杰思
688187,时代电气
000733,振华科技
300731,科创新源
300138,晨光生物
000816,智慧农业
300246,宝莱特
600605,汇通能源
688156,路德科技
600119,*ST长投
600159,大龙地产
688184,ST帕瓦
300896,爱美客
000020,深华发Ａ
688075,安旭生物
601022,宁波远洋
002339,积成电子
002041,登海种业
000686,东北证券
002500,山西证券
002897,意华股份
600909,华安证券
600958,东方证券
600076,康欣新材
600288,大恒科技
002416,爱施德
605068,明新旭腾
600446,金证股份
000898,鞍钢股份
600739,辽宁成大
600854,春兰股份
600638,新黄浦
688559,海目星
002650,ST加加
300880,迦南智能
002797,第一创业
002211,ST宏达
603799,华友钴业
301232,飞沃科技
300185,通裕重工
300184,力源信息
300087,荃银高科
300093,*ST金刚
301349,信德新材
603162,海通发展
301082,久盛电气
002017,东信和平
603609,禾丰股份
000166,申万宏源
002036,联创电子
000505,京粮控股
300772,运达股份
688055,龙腾光电
920641,格利尔
002320,海峡股份
600848,上海临港
600316,洪都航空
300975,商络电子
002568,百润股份
000547,航天发展
300084,海默科技
600930,华电新能
600533,栖霞建设
002294,信立泰
002285,世联行
920169,七丰精工
003005,竞业达
920639,晨光电缆
601616,广电电气
300136,信维通信
600818,ST中路
600359,新农开发
688693,锴威特
601108,财通证券
002945,华林证券
002879,长缆科技
600990,四创电子
600326,西藏天路
300779,惠城环保
300935,盈建科
603216,梦天家居
001367,海森药业
002187,广百股份
688228,开普云
001389,广合科技
002646,天佑德酒
601121,宝地矿业
600725,云维股份
000899,赣能股份
300489,光智科技
600481,双良节能
301372,科净源
002449,国星光电
600850,电科数字
002321,华英农业
600312,平高电气
300861,美畅股份
002245,蔚蓝锂芯
002176,江特电机
002056,横店东磁
301328,维峰电子
600151,航天机电
600509,天富能源
688553,汇宇制药-W
600406,国电南瑞
002471,中超控股
920007,酉立智能
603110,东方材料
300889,爱克股份
301607,富特科技
603396,金辰股份
300639,凯普生物
000717,中南股份
300125,*ST聆达
000688,国城矿业
601388,怡球资源
002167,东方锆业
000909,*ST数源
002358,森源电气
002160,常铝股份
300667,必创科技
600779,水井坊
300913,兆龙互连
601118,海南橡胶
300036,超图软件
603358,华达科技
601888,中国中免
002397,梦洁股份
605258,协和电子
300390,天华新能
000790,华神科技
600893,航发动力
002306,*ST云网
600361,创新新材
002277,友阿股份
000722,湖南发展
300393,中来股份
002107,沃华医药
601233,桐昆股份
301305,朗坤科技
688560,明冠新材
603291,联合水务
600569,安阳钢铁
002626,金达威
920735,德源药业
920541,铁大科技
002969,嘉美包装
603351,威尔药业
603345,安井食品
600238,*ST椰岛
688312,燕麦科技
300268,佳沃食品
300042,朗科科技
600973,宝胜股份
603122,合富中国
603421,鼎信通讯
600089,特变电工
688307,中润光学
600389,江山股份
600251,冠农股份
688001,华兴源创
000652,泰达股份
300420,五洋自控
601688,华泰证券
300408,三环集团
601615,明阳智能
688458,美芯晟
600199,金种子酒
300627,华测导航
301180,万祥科技
688047,龙芯中科
920179,凯德石英
300249,依米康
001872,招商港口
002616,长青集团
002865,钧达股份
002251,步步高
002939,长城证券
688136,科兴制药
002383,合众思壮
300265,通光线缆
002136,安 纳 达
600110,诺德股份
002789,*ST建艺
001280,中国铀业
601155,新城控股
601003,柳钢股份
002040,南 京 港
603890,春秋电子
301017,漱玉平民
600299,安迪苏
002815,崇达技术
688257,新锐股份
002138,顺络电子
300626,华瑞股份
688484,南芯科技
601872,招商轮船
603031,安孚科技
301217,铜冠铜箔
000546,金圆股份
300844,山水比德
600293,三峡新材
603260,合盛硅业
000012,南  玻Ａ
300899,上海凯鑫
600549,厦门钨业
301201,诚达药业
002928,华夏航空
002356,赫美集团
600267,海正药业
600354,敦煌种业
300310,宜通世纪
301230,泓博医药
002833,弘亚数控
002035,华帝股份
301345,涛涛车业
301626,苏州天脉
300238,冠昊生物
603527,众源新材
002497,雅化集团
000715,中兴商业
688630,芯碁微装
300050,世纪鼎利
603778,国晟科技
688262,国芯科技
600780,通宝能源
920403,康农种业
001257,盛龙股份
688709,成都华微
002806,华锋股份
688339,亿华通-U
301630,同宇新材
600072,中船科技
920556,雅达股份
002743,富煌钢构
600155,华创云信
000889,中嘉博创
300333,兆日科技
600645,中源协和
600100,同方股份
301381,赛维时代
300964,本川智能
002375,亚厦股份
920245,威博液压
603019,中科曙光
000875,电投绿能
920826,盖世食品
688469,芯联集成-U
002042,华孚时尚
000987,越秀资本
000050,深天马Ａ
000629,钒钛股份
688192,迪哲医药-U
301033,迈普医学
601858,中国科传
002124,天邦食品
301500,飞南资源
603012,创力集团
301617,博苑股份
688011,新光光电
002848,*ST高斯
002978,安宁股份
001236,弘业期货
002270,华明装备
600313,农发种业
601677,明泰铝业
603948,建业股份
301051,信濠光电
002039,黔源电力
000537,绿发电力
301371,敷尔佳
002240,盛新锂能
601555,东吴证券
603369,今世缘
003031,中瓷电子
300444,双杰电气
600173,卧龙新能
603289,泰瑞机器
000823,超声电子
002110,三钢闽光
300295,*ST三六
688100,威胜信息
300001,特锐德
601319,中国人保
000791,甘肃能源
920765,美之高
300410,正业科技
600961,株冶集团
301132,满坤科技
603826,坤彩科技
600103,青山纸业
600827,百联股份
001359,平安电工
002694,*ST顾地
605366,宏柏新材
605077,华康股份
300214,日科化学
300664,鹏鹞环保
000860,顺鑫农业
301392,汇成真空
000596,古井贡酒
600187,*ST国中
600435,北方导航
603328,依顿电子
300686,智动力
301056,森赫股份
000692,惠天热电
688813,泰金新能
301181,标榜股份
000592,平潭发展
603139,康惠股份
688790,昂瑞微-UW
601567,三星电气
002885,京泉华
688682,霍莱沃
600021,上海电力
002465,海格通信
002805,丰元股份
600418,江淮汽车
605111,新洁能
002760,凤形股份
688802,沐曦股份-U
920527,夜光明
002821,凯莱英
301178,天亿马
301363,美好医疗
300518,新迅达
600751,海航科技
300798,锦鸡股份
002266,浙富控股
688183,生益电子
301259,艾布鲁
603228,景旺电子
002578,闽发铝业
601696,中银证券
300922,天秦装备
002410,广联达
603538,美诺华
002791,坚朗五金
000993,闽东电力
002387,维信诺
001360,南矿集团
601061,中信金属
688788,科思科技
600520,三佳科技
002617,露笑科技
603922,ST金鸿顺
600059,古越龙山
002300,太阳电缆
300870,欧陆通
002193,ST如意
920028,新恒泰
688068,热景生物
002100,天康生物
603816,顾家家居
600590,泰豪科技
688568,中科星图
000568,泸州老窖
603655,朗博科技
600841,动力新科
920046,亿能电力
920725,惠丰钻石
688260,昀冢科技
300919,中伟新材
688691,灿芯股份
688385,复旦微电
688636,智明达
920145,恒合股份
002281,光迅科技
688126,沪硅产业
601068,中铝国际
301041,金百泽
300997,欢乐家
600183,生益科技
002202,金风科技
300761,立华股份
301396,宏景科技
300739,明阳电路
600235,民丰特纸
603612,索通发展
002774,快意电梯
600268,国电南自
002112,三变科技
601083,锦江航运
600108,亚盛集团
688248,南网科技
601866,中远海发
300625,三雄极光
301150,中一科技
920970,大禹生物
300221,银禧科技
301188,力诺药包
002571,德力股份
600657,信达地产
300883,龙利得
600449,宁夏建材
603618,杭电股份
688300,联瑞新材
600644,乐山电力
605580,恒盛能源
600259,中稀有色
603712,七一二
000039,中集集团
002436,兴森科技
000035,中国天楹
605598,上海港湾
002392,北京利尔
600500,中化国际
000973,佛塑科技
600405,动力源
003035,南网能源
301098,金埔园林
002851,麦格米特
002463,沪电股份
688676,金盘科技
601116,三江购物
002745,木林森
688429,时创能源
300853,申昊科技
002853,皮阿诺
600916,中国黄金
000932,华菱钢铁
600702,舍得酒业
603693,江苏新能
688313,仕佳光子
688002,睿创微纳
688629,华丰科技
300672,国科微
920414,欧普泰
300316,晶盛机电
605499,东鹏饮料
688387,信科移动-U
600095,湘财股份
600058,五矿发展
688388,嘉元科技
002840,华统股份
688035,德邦科技
600888,新疆众和
300196,长海股份
600663,陆家嘴
300223,北京君正
920748,路桥信息
002299,圣农发展
600302,ST标准
603660,苏州科达
003027,同兴科技
002405,四维图新
300133,华策影视
600808,马钢股份
002948,青岛银行
688599,天合光能
600798,宁波海运
920985,海泰新能
300807,天迈科技
600343,航天动力
002849,威星智能
600598,北大荒
605086,龙高股份
000903,ST云动
002875,安奈儿
600149,廊坊发展
600428,中远海特
002008,大族激光
605016,百龙创园
600773,西藏城投
601111,中国国航
301075,多瑞医药
600673,东阳光
300051,琏升科技
600550,保变电气
603535,嘉诚国际
600540,新赛股份
300572,安车检测
600879,航天电子
301257,普蕊斯
600192,长城电工
002623,亚玛顿
301248,杰创智能
300940,南极光
300018,中元股份
601965,中国汽研
600438,通威股份
600929,雪天盐业
600979,广安爱众
600783,鲁信创投
688766,普冉股份
002913,奥士康
605060,联德股份
688256,寒武纪
000739,普洛药业
600184,光电股份
300292,吴通控股
603688,石英股份
603315,福鞍股份
603589,口子窖
002961,瑞达期货
688281,华秦科技
002930,宏川智慧
300476,胜宏科技
600026,中远海能
688333,铂力特
002706,良信股份
002628,成都路桥
002289,*ST宇顺
601877,正泰电器
603776,永安行
600133,东湖高新
000417,合百集团
002487,大金重工
603950,长源东谷
301286,侨源股份
600163,中闽能源
920132,泰鹏智能
600372,中航机载
688101,三达膜
600362,江西铜业
920375,派诺科技
300657,弘信电子
002640,跨境通
920237,力佳科技
600236,桂冠电力
000586,汇源通信
002515,金字火腿
601777,千里科技
688726,拉普拉斯
688625,呈和科技
000601,韶能股份
603861,白云电器
600513,联环药业
002782,可立克
002859,洁美科技
688282,理工导航
688383,新益昌
000636,风华高科
002163,海南发展
601012,隆基绿能
688348,昱能科技
600586,金晶科技
600239,ST云城
688311,盟升电子
002201,九鼎新材
688066,*ST航图
300755,华致酒行
002922,伊戈尔
002310,东方新能
000838,*ST发展
000799,酒鬼酒
000657,中钨高新
920476,海能技术
600545,卓郎智能
600219,南山铝业
601218,吉鑫科技
920770,艾能聚
603124,江南新材
605222,起帆电缆
300285,国瓷材料
300658,延江股份
300427,红相股份
000759,中百集团
300335,迪森股份
000758,中色股份
000905,厦门港务
301093,华兰股份
300243,瑞丰高材
002842,翔鹭钨业
603606,东方电缆
603959,ST百利
688172,燕东微
603737,三棵树
600084,*ST尼雅
601168,西部矿业
002183,怡 亚 通
603063,禾望电气
000408,藏格矿业
603132,金徽股份
000539,粤电力Ａ
000818,航锦科技
002378,章源钨业
000963,华东医药
002030,达安基因
600475,华光环能
000062,深圳华强
600537,*ST亿晶
000534,万泽股份
002259,升达林业
600105,永鼎股份
301129,瑞纳智能
688418,震有科技
001287,中电港
688498,源杰科技
600452,涪陵电力
920175,东方碳素
300671,富满微
300751,迈为股份
001337,四川黄金
002323,*ST雅博
002506,协鑫集成
600552,凯盛科技
300300,海峡创新
002522,浙江众成
600346,恒力石化
603126,中材节能
600785,新华百货
002431,ST棕榈
688719,爱科赛博
920719,宁新新材
300668,杰恩股份
600726,华电能源
301005,超捷股份
603477,巨星农牧
688523,航天环宇
603021,*ST华鹏
300395,菲利华
002254,泰和新材
601636,旗滨集团
003006,百亚股份
600491,ST龙元
300080,易成新能
002198,ST嘉应
688028,沃尔德
300396,ST迪瑞
600115,中国东航
300057,万顺新材
600982,宁波能源
600032,浙江新能
300857,协创数据
603185,弘元绿能
000677,ST海龙
603042,华脉科技
000639,ST西王
688472,阿特斯
601086,国芳集团
600759,ST洲际
688667,菱电电控
605296,神农集团
300490,华自科技
688347,华虹公司
000821,ST京机
002691,*ST冀凯
600180,*ST瑞茂
002512,ST达华
688195,腾景科技
002046,国机精工
301027,华蓝集团
605118,力鼎光电
600118,中国卫星
600082,ST海泰
000078,ST海王
002726,ST龙大
002620,*ST瑞和
600678,ST金顶
300819,聚杰微纤
600459,贵研铂业
000609,*ST中迪
603186,XD华正新
600683,京投发展
002082,ST万邦
300911,亿田智能
000711,ST京蓝
300608,思特奇
000632,ST三木
002569,*ST步森
600745,*ST闻泰
002199,*ST东晶
600053,*ST九鼎
002667,*ST威领
600166,福田汽车
688521,芯原股份
601899,紫金矿业
688680,海优新材
000533,顺钠股份
000056,*ST皇庭
600547,山东黄金
300475,香农芯创
000923,河钢资源
603359,*ST东珠
600370,*ST三房
920394,民士达
688123,聚辰股份
600595,中孚实业
603867,新化股份
002552,宝鼎科技
600482,中国动力
301338,凯格精机
601958,金钼股份
600301,华锡有色
601579,会稽山
002738,中矿资源
300620,光库科技
688137,近岸蛋白
688485,九州一轨
003036,泰坦股份
600988,赤峰黄金
002976,瑞玛精密
300782,卓胜微
002155,湖南黄金
300139,晓程科技
600191,华资实业
600234,科新发展
000571,新大洲A
600732,爱旭股份
002108,沧州明珠
002501,*ST利源
002459,晶澳科技
601865,福莱特
688303,大全能源
300564,筑博设计
600821,金开新能
688525,佰维存储
002636,金安国纪
002962,五方光电
300903,科翔股份
600601,方正科技
600206,有研新材
605006,山东玻纤
002114,罗平锌电
000506,招金黄金
603979,金诚信
000737,北方铜业
002717,*ST岭南
301197,工大科雅
002379,宏桥控股
000751,锌业股份
002384,东山精密
000819,岳阳兴长
920087,秋乐种业
603938,三孚股份
688193,仁度生物
001400,江顺科技
300863,卡倍亿
603256,宏和科技
688345,博力威
002128,电投能源
688603,天承科技
300594,ST朗进
301055,张小泉
000720,新能泰山
301205,联特科技
002237,恒邦股份
300363,博腾股份
920469,富恒新材
600530,交大昂立
600693,东百集团
002132,恒星科技
000716,黑芝麻
920570,坤博精工
002432,九安医疗
600507,方大特钢
600363,联创光电
600487,亨通光电
300509,新美星
603777,来伊份
920433,大唐药业
002498,汉缆股份
600641,先导基电
002218,拓日新能
920351,华光源海
688663,新风光
300693,盛弘股份
688807,优迅股份
600719,大连热电
920571,国航远洋
300477,ST合纵
600927,永安期货
000807,云铝股份
600819,耀皮玻璃
300085,银之杰
002639,雪人集团
002080,中材科技
601231,环旭电子
603993,洛阳钼业
603833,欧派家居
300548,长芯博创
688375,国博电子
002868,绿康生化
688097,博众精工
601600,中国铝业
688711,宏微科技
920726,朱老六
300835,龙磁科技
301408,华人健康
600770,综艺股份
301196,唯科科技
000612,焦作万方
920273,一致魔芋
000890,法尔胜
600744,华银电力
001376,百通能源
600876,凯盛新能
000933,神火股份
688234,天岳先进
000510,新金路
601908,京运通
000960,锡业股份
300102,乾照光电
300245,ST天玑
688125,安达智能
002532,天山铝业
002028,思源电气
000060,中金岭南
688020,方邦股份
600490,鹏欣资源
600489,中金黄金
300210,森远股份
920429,康比特
000878,云南铜业
002429,兆驰股份
300726,宏达电子
688261,东微半导
000603,盛达资源
688008,澜起科技
600172,黄河旋风
920023,*ST田野
300683,海特生物
688381,帝奥微
603175,超颖电子
603360,百傲化学
301227,森鹰窗业
600345,长江通信
300900,广联航空
688048,长光华芯
688159,有方科技
688205,德科立
300068,ST南都
603353,和顺石油
002716,湖南白银
601069,西部黄金
000070,特发信息
300715,凯伦股份
688041,海光信息
600208,衢州发展
300352,ST信源
688141,杰华特
300696,爱乐达
601212,白银有色
300055,万邦达
002264,新 华 都
002222,福晶科技
000630,铜陵有色
600522,中天科技
920045,蘅东光
000975,山金国际
002428,云南锗业
002843,泰嘉股份
688079,美迪凯
301070,开勒股份
002723,小崧股份
000967,盈峰环境
301157,华塑科技
603530,神马电力
688223,晶科能源
600703,三安光电
002135,东南网架
603002,宏昌电子
601778,晶科科技
601869,长飞光纤
601975,招商南油
688323,瑞华泰
600711,盛屯矿业
688227,品高股份
300571,平治信息
301002,崧盛股份
002015,协鑫能科
603717,天域生物
600156,华升股份
002810,山东赫达
603016,新宏泰
600748,上实发展
301122,采纳股份
920971,天马新材
002217,合力泰
600758,辽宁能源
301326,捷邦科技
600498,烽火通信
002796,世嘉科技
300449,汉邦高科
002491,通鼎互联
000426,兴业银锡
600531,豫光金铅
300430,*ST益通
300010,ST豆神
600497,驰宏锌锗
003022,联泓新科
300570,太辰光
920284,灵鸽科技
002943,宇晶股份
603050,科林电气
688516,奥特维
603806,福斯特
002763,汇洁股份
000066,中国长城
603007,顺景科技
001896,豫能控股
002580,圣阳股份
002560,通达股份
600857,宁波中百
600176,中国巨石
603093,南华期货
603118,共进股份
002290,禾盛新材
603773,沃格光电
001267,汇绿生态
600330,天通股份
605365,立达信
600488,津药药业
603588,高能环境
000925,众合科技
002309,中利集团
300774,倍杰特
300736,百邦科技
920580,科创新材
301580,爱迪特
300730,科创信息
688677,海泰新光
301531,C春光集
300687,赛意信息
301373,凌玮科技
300965,恒宇信通
688496,*ST清越
301139,*ST元道
920680,广道退
920305,*ST云创
920220,朗信电气
920161,龙辰科技
920096,嘉晨智能
920058,华洋赛车
833994,翰博高新
833874,泰祥股份
832317,观典防务
810014,莱特定转
810013,万通定转
810011,优机定转
688635,长进光子
688555,退市泽达
688086,退市紫晶
605081,*ST太和
603996,退市中新
603963,*ST大药
603603,退市博天
603555,ST贵人
603435,嘉德利
603388,*ST元成
603311,金海高科
603157,退市拉夏
603133,退市碳元
603056,德邦股份
603003,退市龙宇
601989,中国重工
601558,退市锐电
601299,中国北车
601268,*ST二重
601258,*ST庞大
601028,玉龙股份
600991,广汽长丰
600978,*ST宜生
600899,*ST信联
600898,*ST美讯
600896,退市海医
600891,退市秋林
600890,退市中房
600878,*ST北科
600870,退市厦华
600856,退市中天
600852,*ST中川
600849,上药转换
600842,中西药业
600840,新湖创业
600837,海通证券
600836,*ST易连
600832,东方明珠
600823,*ST世茂
600813,ST鞍一工
600811,*ST东方
600806,退市昆机
600804,退市鹏博
600799,*ST龙科
600788,*ST达曼
600786,东方锅炉
600781,退市辅仁
600772,S*ST龙昌
600767,退市运盛
600766,退市园城
600762,S*ST金荔
600752,*ST哈慈
600747,退市大控
600723,首商股份
600709,ST生态
600705,中航产融
600701,退市工新
600700,*ST数码
600696,*ST岩石
600695,退市绿庭
600687,退市刚泰
600680,*ST上普
600677,*ST航通
600672,*ST华圣
600670,*ST斯达
600669,*ST鞍成
600659,*ST花雕
600656,退市博元
600652,退市游久
600647,退市同达
600646,ST国嘉
600636,*ST国化
600634,退市富控
600632,华联商厦
600631,百联股份
600627,上电股份
600625,PT水仙
600614,退市鹏起
600608,*ST沪科
600607,上实医药
600599,*ST熊猫
600591,*ST上航
600565,ST迪马
600555,退市海创
600553,太行水泥
600532,退市未来
600485,*ST信威
600472,包头铝业
600466,*ST蓝光
600462,退市九有
600432,退市吉恩
600421,*ST华嵘
600401,退市海润
600393,ST粤泰
600387,退市海越
600385,退市金泰
600357,承德钒钛
600355,*ST精伦
600321,正源股份
600317,营口港
600311,*ST荣华
600306,退市商城
600297,广汇汽车
600296,S兰铝
600291,退市西水
600290,*ST华仪
600286,S*ST国瓷
600277,ST亿利
600275,退市昌鱼
600270,外运发展
600263,路桥建设
600260,*ST凯乐
600253,天方药业
600247,*ST成城
600242,退市中昌
600240,退市华业
600225,退市卓朗
600220,ST阳光
600213,*ST亚星
600209,退市罗顿
600205,S山东铝
600200,退市苏吴
600193,*ST创兴
600190,退市锦港
600181,S*ST云大
600175,退市美都
600146,退市环球
600145,退市新亿
600139,*ST西源
600122,*ST宏图
600112,*ST天成
600102,莱钢股份
600093,退市易见
600092,S*ST精密
600091,退市明科
600090,退市济堂
600087,退市长油
600086,退市金钰
600083,*ST博信
600077,*ST宋都
600074,退市保千
600070,*ST富润
600069,退市银鸽
600068,葛洲坝
600065,*ST联谊
600005,武钢股份
600003,ST东北高
600002,齐鲁石化
600001,邯郸钢铁
300851,交大思诺
300799,左江退
300742,越博退
300630,普利退
300526,中潜退
300495,*ST美尚
300431,暴风退
300392,腾信退
300391,长药退
300379,东通退
300372,欣泰退
300367,网力退
300362,天翔退
300356,光一退
300344,立方退
300336,新文退
300330,计通退
300325,德威退
300312,邦讯退
300309,吉艾退
300297,蓝盾退
300282,三盛退
300280,紫天退
300273,和佳退
300262,*ST巴安
300216,千山退
300208,中程退
300202,聚龙退
300186,大华农
300178,腾邦退
300156,神雾退
300117,*ST嘉寓
300116,*ST保力
300108,*ST吉药
300104,乐视退
300090,盛运退
300089,文化退
300069,金利华电
300064,金刚退
300038,数知退
300029,*ST天龙
300028,金亚退
300023,宝德退
002898,*ST赛隆
002808,*ST恒久
002781,奇信退
002776,*ST柏龙
002770,科迪退
002751,易尚退
002750,龙津退
002740,*ST爱迪
002731,ST萃华
002711,欧浦退
002699,*ST美盛
002684,猛狮退
002680,长生退
002665,ST航高
002629,仁智股份
002621,*ST美吉
002619,*ST艾格
002618,丹邦退
002610,ST爱康
002604,龙力退
002509,天茂退
002505,鹏都农牧
002504,*ST弘高
002503,*ST搜特
002502,ST鼎龙
002499,科林退
002477,雏鹰退
002473,圣莱退
002464,众应退
002450,康得退
002447,晨鑫退
002435,ST长康
002433,太安退
002417,深南退
002411,必康退
002359,北讯退
002341,ST新纶
002336,人乐退
002325,*ST洪涛
002308,*ST威创
002288,*ST超华
002280,ST联络
002260,德奥退
002231,*ST奥维
002220,天宝退
002147,新光退
002143,印纪退
002118,*ST紫鑫
002113,*ST天润
002089,新海退
002087,新纺退
002071,长城退
002070,众和退
002018,华信退
002013,中航机电
002002,ST鸿达
001365,天海电子
001237,惠康科技
000996,中期退
000982,中银绒业
000979,中弘退
000976,*ST华铁
000971,*ST高升
000961,ST中南
000956,中原油气
000939,凯迪退
000918,*ST嘉凯
000916,华北高速
000866,扬子石化
000861,海印股份
000851,*ST高鸿
000836,ST富通
000835,长动退
000832,*ST龙涤
000827,*ST长兴
000817,辽河油田
000806,银河退
000805,*ST炎黄
000787,*ST创智
000780,ST平能
000769,*ST大菲
000765,*ST华信
000763,锦州石化
000760,斯太退
000748,长城信息
000732,ST泰禾
000730,*ST环保
000699,S*ST佳纸
000693,华泽退
000689,ST宏业
000687,华讯退
000675,ST银山
000673,当代退
000671,ST阳光城
000667,ST美置
000666,经纬纺机
000662,天夏退
000660,*ST南华
000658,ST海洋
000653,ST九州
000638,*ST万方
000627,*ST天茂
000622,恒立退
000621,*ST比特
000618,吉林化工
000616,*ST海投
000613,东海A退
000611,天首退
000606,顺利退
000602,金马集团
000594,国恒退
000588,PT粤金曼
000587,*ST金洲
000585,东电退
000584,工智退
000583,S*ST托普
000578,盐湖集团
000569,长城股份
000562,宏源证券
000556,PT南洋
000549,S湘火炬
000542,TCL通讯
000540,*ST中天
000535,*ST猴王
000527,美的电器
000522,白云山A
000515,攀渝钛业
000511,烯碳退
000508,琼民源A
000502,绿景退
000430,ST张家界
000418,小天鹅A
000416,*ST民控
000413,ST旭电
000412,ST五环
000406,石油大明
000405,ST鑫光
000150,*ST宜康
000047,ST中侨
000046,*ST泛海
000040,*ST旭蓝
000038,大通退
000033,新都退
000024,招商地产
000023,*ST深天
000018,神城A退
000015,PT中浩A
000013,*ST石化A
000005,ST星源
000004,*ST国华
000003,PT金田A
